Respondent ID,Collector ID,Start Date,End Date,1) Adm Kalbfus at Girard (Mainstay/Newport Grand) - Safe,1) Adm Kalbfus at Girard (Mainstay/Newport Grand) - Unsafe,1) Adm Kalbfus at Girard (Mainstay/Newport Grand) - I don't know.,2) Adm Kalbfus at Hillside - Safe,2) Adm Kalbfus at Hillside - Unsafe,2) Adm Kalbfus at Hillside - I don't know.,3) Broadway at Miantonomi/Adm Kalbfus - Safe,3) Broadway at Miantonomi/Adm Kalbfus - Unsafe,3) Broadway at Miantonomi/Adm Kalbfus - I don't know.,4) Broadway at Bliss St - Safe,4) Broadway at Bliss St - Unsafe,4) Broadway at Bliss St - I don't know.,5) Broadway at Everett (Dunkin Donuts) - Safe,5) Broadway at Everett (Dunkin Donuts) - Unsafe,5) Broadway at Everett (Dunkin Donuts) - I don't know.,6) Broadway at City Hall - Safe,6) Broadway at City Hall - Unsafe,6) Broadway at City Hall - I don't know.,7) Broadway at Marlborough - Safe,7) Broadway at Marlborough - Unsafe,7) Broadway at Marlborough - I don't know.,8) Spring at Touro (Coffey’s Citgo) - Safe,8) Spring at Touro (Coffey’s Citgo) - Unsafe,8) Spring at Touro (Coffey’s Citgo) - I don't know.,9) Memorial Blvd at Chapel Street - Safe,9) Memorial Blvd at Chapel Street - Unsafe,9) Memorial Blvd at Chapel Street - I don't know.,10) Memorial Blvd at Bellevue - Safe,10) Memorial Blvd at Bellevue - Unsafe,10) Memorial Blvd at Bellevue - I don't know.,11) Memorial Blvd at Spring Street - Safe,11) Memorial Blvd at Spring Street - Unsafe,11) Memorial Blvd at Spring Street - I don't know.,12) Memorial Blvd at Thames Street - Safe,12) Memorial Blvd at Thames Street - Unsafe,12) Memorial Blvd at Thames Street - I don't know.,13) Bellevue at Kay Street - Safe,13) Bellevue at Kay Street - Unsafe,13) Bellevue at Kay Street - I don't know.,14) Bellevue Ave at Old Beach Ave (Art Museum/Touro Park) - Safe,14) Bellevue Ave at Old Beach Ave (Art Museum/Touro Park) - Unsafe,14) Bellevue Ave at Old Beach Ave (Art Museum/Touro Park) - I don't know.,15) Bellevue Ave at Tennis Hall of Fame - Safe,15) Bellevue Ave at Tennis Hall of Fame - Unsafe,15) Bellevue Ave at Tennis Hall of Fame - I don't know.,16) Farewell at VanZandt - Safe,16) Farewell at VanZandt - Unsafe,16) Farewell at VanZandt - I don't know.,17) America's Cup at Marlborough St - Safe,17) America's Cup at Marlborough St - Unsafe,17) America's Cup at Marlborough St - I don't know.,18) America's Cup at Long Wharf - Safe,18) America's Cup at Long Wharf - Unsafe,18) America's Cup at Long Wharf - I don't know.,19) America's Cup at Bowen's Wharf (Seamen's Church) - Safe,19) America's Cup at Bowen's Wharf (Seamen's Church) - Unsafe,19) America's Cup at Bowen's Wharf (Seamen's Church) - I don't know.,20) America's Cup at Bannister's Wharf - Safe,20) America's Cup at Bannister's Wharf - Unsafe,20) America's Cup at Bannister's Wharf - I don't know.,21) Thames St at Mill Street (Queen Anne Square) - Safe,21) Thames St at Mill Street (Queen Anne Square) - Unsafe,21) Thames St at Mill Street (Queen Anne Square) - I don't know.,22) Thames St at Perry Mill (Red Parrot) - Safe,22) Thames St at Perry Mill (Red Parrot) - Unsafe,22) Thames St at Perry Mill (Red Parrot) - I don't know.,23) Thames St at Wellington - Safe,23) Thames St at Wellington - Unsafe,23) Thames St at Wellington - I don't know.,24) Thames St at Morton Ave - Safe,24) Thames St at Morton Ave - Unsafe,24) Thames St at Morton Ave - I don't know.,25) Carroll Avenue at Harrison (St. Augustin's) - Safe,25) Carroll Avenue at Harrison (St. Augustin's) - Unsafe,25) Carroll Avenue at Harrison (St. Augustin's) - I don't know.,Comment/Explanation
4692619912,52541754,4/29/2016 2:41,4/29/2016 2:42,,,,,,,,,,,,,,,,,,,,,,,Unsafe,,,,,,,,,,,,,,,,,,,,,,,,,,,,,,,,,,,,,,,,,,,,,,,,,,,,,
4680235760,52541754,4/24/2016 11:51,4/24/2016 11:56,,Unsafe,,Safe,,,,,,Safe,,,Safe,,,Safe,,,Safe,,,Safe,,,Safe,,,Safe,,,Safe,,,,Unsafe,,Safe,,,Safe,,,Safe,,,Safe,,,Safe,,,Safe,,,Safe,,,,Unsafe,,Safe,,,Safe,,,Safe,,,Safe,,,Safe,,,Broadway at Miantonomi/Adm Kalbfus  Rd is in Middletown
3428074483,52541754,8/27/2014 8:36,8/27/2014 8:44,,Unsafe,,,Unsafe,,,Unsafe,,,Unsafe,,,Unsafe,,,Unsafe,,,Unsafe,,,Unsafe,,,Unsafe,,,Unsafe,,,Unsafe,,,Unsafe,,,Unsafe,,,Unsafe,,,Unsafe,,,Unsafe,,,Unsafe,,,Unsafe,,,Unsafe,,,Unsafe,,,Unsafe,,,Unsafe,,,Unsafe,,,Unsafe,,,Unsafe,,
3376193409,52541754,7/25/2014 17:30,7/25/2014 17:57,,,,,,,,,,,,,,,,,,,,,,,,,,,,,,,,,,,,,,,,,,,,,,,,,,,,,,,,,,,,,,,,,,,,,,,,,,,,
3372701295,52541754,7/23/2014 20:29,7/23/2014 20:53,,,I don't know.,,,I don't know.,,,I don't know.,,,I don't know.,,,I don't know.,Safe,,,Safe,,,Safe,,,Safe,,,Safe,,,Safe,,,Safe,,,Safe,,,Safe,,,,Unsafe,,,,I don't know.,Safe,,,Safe,,,Safe,,,Safe,,,Safe,,,Safe,,,Safe,,,Safe,,,Safe,,,
3308348848,52541754,6/15/2014 12:18,6/15/2014 12:42,,,I don't know.,,,I don't know.,,,I don't know.,,Unsafe,,,Unsafe,,Safe,,,,Unsafe,,Safe,,,,Unsafe,,,Unsafe,,Safe,,,,Unsafe,,Safe,,,,Unsafe,,,Unsafe,,,Unsafe,,Safe,,,Safe,,,,Unsafe,,,Unsafe,,Safe,,,,Unsafe,,Safe,,,Safe,,,,Unsafe,,
3297418048,52541754,6/9/2014 10:40,6/9/2014 10:54,,Unsafe,,,,I don't know.,Safe,,,Safe,,,Safe,,,,Unsafe,,,,I don't know.,,,I don't know.,,,I don't know.,,Unsafe,,Safe,,,,Unsafe,,Safe,,,Safe,,,,Unsafe,,Safe,,,Safe,,,Safe,,,Safe,,,Safe,,,Safe,,,Safe,,,Safe,,,Safe,,,Safe,,,
3295597866,52541754,6/7/2014 13:47,6/7/2014 14:04,,Unsafe,,,Unsafe,,,Unsafe,,,Unsafe,,,Unsafe,,Safe,,,,Unsafe,,,Unsafe,,,Unsafe,,,Unsafe,,,Unsafe,,,Unsafe,,,Unsafe,,,Unsafe,,,Unsafe,,,Unsafe,,,Unsafe,,,Unsafe,,,Unsafe,,Safe,,,Safe,,,,Unsafe,,,Unsafe,,,Unsafe,,,Unsafe,,
3286248635,52541754,6/2/2014 22:48,6/2/2014 22:56,,,I don't know.,,,I don't know.,,,I don't know.,,Unsafe,,,Unsafe,,,Unsafe,,,Unsafe,,,Unsafe,,,Unsafe,,Safe,,,Safe,,,Safe,,,Safe,,,Safe,,,Safe,,,Safe,,,Safe,,,Safe,,,Safe,,,Safe,,,Safe,,,Safe,,,,,I don't know.,,,I don't know.,,,I don't know.,
3286207500,52541754,6/2/2014 22:10,6/2/2014 22:22,,Unsafe,,,,I don't know.,Safe,,,,Unsafe,,,,,Safe,,,,,I don't know.,,Unsafe,,,,I don't know.,,Unsafe,,,,I don't know.,Safe,,,,Unsafe,,Safe,,,,Unsafe,,,,I don't know.,,,I don't know.,,Unsafe,,Safe,,,Safe,,,,,I don't know.,Safe,,,,,I don't know.,,,I don't know.,,,I don't know.,
3286138692,52541754,6/2/2014 21:13,6/2/2014 21:21,,Unsafe,,,,I don't know.,,,I don't know.,Safe,,,Safe,,,Safe,,,Safe,,,,Unsafe,,,Unsafe,,Safe,,,,Unsafe,,,Unsafe,,Safe,,,Safe,,,Safe,,,,Unsafe,,Safe,,,Safe,,,,Unsafe,,Safe,,,Safe,,,Safe,,,Safe,,,Safe,,,Safe,,,
3286111098,52541754,6/2/2014 20:51,6/2/2014 21:03,,,I don't know.,,,I don't know.,,,I don't know.,,Unsafe,,Safe,,,Safe,,,Safe,,,Safe,,,Safe,,,Safe,,,Safe,,,Safe,,,Safe,,,Safe,,,Safe,,,Safe,,,Safe,,,Safe,,,Safe,,,Safe,,,Safe,,,Safe,,,Safe,,,Safe,,,Safe,,,
3285228524,52541754,6/2/2014 13:04,6/2/2014 13:17,,,I don't know.,,,I don't know.,,,I don't know.,,Unsafe,,,Unsafe,,Safe,,,Safe,,,,Unsafe,,,Unsafe,,,,I don't know.,,Unsafe,,Safe,,,Safe,,,,Unsafe,,Safe,,,,,I don't know.,,Unsafe,,Safe,,,Safe,,,Safe,,,Safe,,,,,,Safe,,,,Unsafe,,Safe,,,
3284706662,52541754,6/2/2014 9:37,6/2/2014 10:06,,Unsafe,,,,I don't know.,,,I don't know.,,Unsafe,,,,I don't know.,,,I don't know.,,,I don't know.,,Unsafe,,Safe,,,,Unsafe,,,Unsafe,,,Unsafe,,,,I don't know.,Safe,,,,Unsafe,,,,I don't know.,Safe,,,,Unsafe,,,Unsafe,,Safe,,,Safe,,,,Unsafe,,,Unsafe,,Safe,,,Safe,,,
3283781328,52541754,6/1/2014 16:28,6/1/2014 16:41,,,I don't know.,,,I don't know.,,,I don't know.,,,I don't know.,,,I don't know.,,Unsafe,,,,I don't know.,,Unsafe,,,Unsafe,,,Unsafe,,,,I don't know.,,,I don't know.,Safe,,,,Unsafe,,,Unsafe,,,Unsafe,,,,I don't know.,,,I don't know.,,,I don't know.,,,I don't know.,,,I don't know.,,,I don't know.,,,I don't know.,,,I don't know.,,,I don't know.,
3282406654,52541754,5/30/2014 22:21,5/30/2014 22:46,,,I don't know.,Safe,,,,Unsafe,,,Unsafe,,,Unsafe,,,Unsafe,,Safe,,,,,I don't know.,,Unsafe,,,Unsafe,,Safe,,,,Unsafe,,,,I don't know.,,,I don't know.,,Unsafe,,Safe,,,Safe,,,Safe,,,Safe,,,Safe,,,Safe,,,,Unsafe,,,,I don't know.,Safe,,,Safe,,,
3281464130,52541754,5/30/2014 12:05,5/30/2014 12:43,,,,,,,,Unsafe,,,,,,Unsafe,I don't know.,,Unsafe,,Safe,,,Safe,,,,,,,,,,,,,,,,,,,,,,Unsafe,,,,,Safe,,,,,,,,,,,,,,,,,,,,,,,,,,,
3281241501,52541754,5/30/2014 10:30,5/30/2014 11:07,,,I don't know.,,,I don't know.,,,I don't know.,,Unsafe,,,Unsafe,,Safe,,,,Unsafe,,,Unsafe,,,Unsafe,,,Unsafe,,,,I don't know.,,,I don't know.,Safe,,,Safe,,,,Unsafe,,,,I don't know.,Safe,,,,,I don't know.,,Unsafe,,Safe,,,Safe,,,,,I don't know.,,,I don't know.,,,I don't know.,,,I don't know.,
3280890138,52541754,5/30/2014 7:14,5/30/2014 7:17,,Unsafe,,,Unsafe,,,Unsafe,,,Unsafe,,,Unsafe,,,Unsafe,,Safe,,,Safe,,,Safe,,,Safe,,,Safe,,,Safe,,,Safe,,,,Unsafe,,Safe,,,,Unsafe,,Safe,,,Safe,,,Safe,,,Safe,,,Safe,,,,Unsafe,,,,,Safe,,,Safe,,,
3280862463,52541754,5/30/2014 6:48,5/30/2014 6:59,,Unsafe,,,Unsafe,,,Unsafe,,,Unsafe,,,Unsafe,,Safe,,,Safe,,,,Unsafe,,Safe,,,,Unsafe,,Safe,,,Safe,,,Safe,,,Safe,,,Safe,,,Safe,,,Safe,,,Safe,,,Safe,,,Safe,,,Safe,,,Safe,,,Safe,,,Safe,,,Safe,,,
3280652361,52541754,5/30/2014 2:37,5/30/2014 3:49,,,I don't know.,,,I don't know.,,,I don't know.,,,I don't know.,,Unsafe,,,Unsafe,,,Unsafe,,Safe,,,,,I don't know.,Safe,,,Safe,,,Safe,,,Safe,,,,Unsafe,,,Unsafe,,,,I don't know.,,,I don't know.,Safe,,,,,I don't know.,,Unsafe,,,Unsafe,,Safe,,,,,I don't know.,,,I don't know.,,,I don't know.,
3280443520,52541754,5/29/2014 22:22,5/29/2014 22:31,,,I don't know.,,,I don't know.,,,I don't know.,,Unsafe,,,Unsafe,,Safe,,,Safe,,,,,I don't know.,,Unsafe,,,Unsafe,,,Unsafe,,Safe,,,,Unsafe,,,,I don't know.,,Unsafe,,,Unsafe,,,Unsafe,,,Unsafe,,,Unsafe,,,Unsafe,,Safe,,,Safe,,,,Unsafe,,,Unsafe,,,,I don't know.,
3280169335,52541754,5/29/2014 18:42,5/29/2014 20:35,,,I don't know.,,,I don't know.,,,I don't know.,Safe,,,Safe,,,Safe,,,Safe,,,Safe,,,,Unsafe,,Safe,,,Safe,,,Safe,,,Safe,,,,Unsafe,,Safe,,,,,I don't know.,Safe,,,Safe,,,Safe,,,Safe,,,Safe,,,Safe,,,Safe,,,Safe,,,Safe,,,
3279598478,52541754,5/29/2014 14:07,5/29/2014 14:38,,,I don't know.,,,I don't know.,,,I don't know.,,,I don't know.,Safe,,,Safe,,,Safe,,,Safe,,,Safe,,,Safe,,,Safe,,,Safe,,,Safe,,,Safe,,,Safe,,,,,I don't know.,Safe,,,Safe,,,Safe,,,Safe,,,Safe,,,Safe,,,Safe,,,Safe,,,Safe,,,
3279314777,52541754,5/29/2014 12:10,5/29/2014 12:19,,Unsafe,,,,I don't know.,,Unsafe,,,Unsafe,,,Unsafe,,,Unsafe,,,Unsafe,,,Unsafe,,,Unsafe,,,Unsafe,,,Unsafe,,,Unsafe,,,Unsafe,,,Unsafe,,,Unsafe,,,Unsafe,,,Unsafe,,,Unsafe,,,Unsafe,,,Unsafe,,,Unsafe,,,Unsafe,,,Unsafe,,Safe,,,Safe,,,
3279271590,52541754,5/29/2014 11:56,5/29/2014 11:59,,,I don't know.,,,I don't know.,,,I don't know.,Safe,,,,Unsafe,,,Unsafe,,Safe,,,,,I don't know.,,,I don't know.,Safe,,,Safe,,,Safe,,,Safe,,,Safe,,,,Unsafe,,Safe,,,Safe,,,Safe,,,Safe,,,Safe,,,Safe,,,Safe,,,Safe,,,,,I don't know.,Safe,,,
3279072301,52541754,5/29/2014 10:40,5/29/2014 10:56,,Unsafe,,Safe,,,,Unsafe,,,Unsafe,,,Unsafe,,Safe,,,,Unsafe,,,,I don't know.,,Unsafe,,Safe,,,Safe,,,Safe,,,Safe,,,Safe,,,Safe,,,Safe,,,Safe,,,Safe,,,Safe,,,Safe,,,,Unsafe,,Safe,,,Safe,,,Safe,,,Safe,,,
3279043489,52541754,5/29/2014 10:28,5/29/2014 10:46,,Unsafe,,,Unsafe,,,Unsafe,,Safe,,,,Unsafe,,Safe,,,Safe,,,Safe,,,Safe,,,Safe,,,Safe,,,Safe,,,Safe,,,Safe,,,Safe,,,Safe,,,Safe,,,Safe,,,Safe,,,Safe,,,Safe,,,Safe,,,,Unsafe,,Safe,,,Safe,,,
3279030658,52541754,5/29/2014 10:22,5/29/2014 10:27,,Unsafe,,,,I don't know.,,Unsafe,,,Unsafe,,,Unsafe,,,Unsafe,,,Unsafe,,,Unsafe,,,Unsafe,,Safe,,,Safe,,,,Unsafe,,,Unsafe,,,Unsafe,,,Unsafe,,,,I don't know.,,Unsafe,,,Unsafe,,,Unsafe,,,Unsafe,,,Unsafe,,,Unsafe,,,Unsafe,,,Unsafe,,,Unsafe,,
3279001935,52541754,5/29/2014 10:12,5/29/2014 10:30,,,I don't know.,,,I don't know.,,,I don't know.,,Unsafe,,,Unsafe,,,Unsafe,,Safe,,,,,I don't know.,,Unsafe,,Safe,,,Safe,,,,Unsafe,,,,I don't know.,,Unsafe,,Safe,,,,,I don't know.,Safe,,,Safe,,,Safe,,,Safe,,,Safe,,,,Unsafe,,Safe,,,Safe,,,,Unsafe,,
3278854746,52541754,5/29/2014 9:09,5/29/2014 9:18,,,I don't know.,,,I don't know.,,,I don't know.,,,I don't know.,,Unsafe,,Safe,,,,Unsafe,,,Unsafe,,Safe,Unsafe,,Safe,,,Safe,,,,Unsafe,,Safe,,,Safe,,,Safe,,,,,I don't know.,,,I don't know.,,,I don't know.,,,I don't know.,,,I don't know.,,,I don't know.,,,I don't know.,,,I don't know.,,,I don't know.,,,I don't know.,
3277646655,52541754,5/28/2014 17:08,5/28/2014 17:37,,,I don't know.,,,I don't know.,,,I don't know.,,Unsafe,,,Unsafe,,,Unsafe,,,Unsafe,,,Unsafe,,,Unsafe,,,Unsafe,,Safe,,,,Unsafe,,,Unsafe,,,Unsafe,,,Unsafe,,,,I don't know.,Safe,,,Safe,,,Safe,,,Safe,,,,Unsafe,,,,,,Unsafe,,Safe,,,Safe,,,
3276738683,52541754,5/28/2014 11:15,5/28/2014 11:36,,,I don't know.,,,I don't know.,,,I don't know.,,Unsafe,,,Unsafe,,,Unsafe,,,Unsafe,,,Unsafe,,,Unsafe,,,Unsafe,,,Unsafe,,,Unsafe,,,Unsafe,,,Unsafe,,,Unsafe,,,Unsafe,,,Unsafe,,Safe,,,Safe,,,Safe,,,,Unsafe,,,Unsafe,,Safe,,,Safe,,,Safe,,,
3276398994,52541754,5/28/2014 9:38,5/28/2014 10:39,,Unsafe,,Safe,,,,Unsafe,,,Unsafe,,,Unsafe,,,Unsafe,,,,I don't know.,Safe,,,,Unsafe,,Safe,,,Safe,,,,Unsafe,,Safe,,,,,I don't know.,,Unsafe,,Safe,,,,Unsafe,,,Unsafe,,Safe,,,,Unsafe,,Safe,,,,Unsafe,,,,I don't know.,,,I don't know.,,,I don't know.,
3273757316,52541754,5/27/2014 8:13,5/27/2014 8:32,,,I don't know.,,,I don't know.,,,I don't know.,,,I don't know.,,,I don't know.,,,I don't know.,,,I don't know.,Safe,,,,Unsafe,,,Unsafe,,,Unsafe,,,Unsafe,,,Unsafe,,,Unsafe,,,Unsafe,,,,I don't know.,,,I don't know.,,Unsafe,,,Unsafe,,,Unsafe,,,Unsafe,,,Unsafe,,,Unsafe,,,Unsafe,,,Unsafe,,
3272890719,52541754,5/26/2014 16:03,5/26/2014 16:14,,,I don't know.,,,I don't know.,,,I don't know.,,,I don't know.,,,I don't know.,,,I don't know.,,,I don't know.,,Unsafe,,,Unsafe,,,Unsafe,,Safe,,,Safe,,,Safe,,,Safe,,,Safe,,,Safe,,,Safe,,,Safe,,,Safe,,,Safe,,,,,I don't know.,,,I don't know.,,,I don't know.,,,I don't know.,,,I don't know.,
3272815186,52541754,5/23/2014 13:44,5/26/2014 15:48,,Unsafe,,,Unsafe,,,,,Safe,,,Safe,,,Safe,,,Safe,,,Safe,,,Safe,,,Safe,,,Safe,,,Safe,,,Safe,,,Safe,,,Safe,,,Safe,,,Safe,,,Safe,,,,Unsafe,,Safe,,,Safe,,,,Unsafe,,Safe,,,Safe,,,,Unsafe,,
3271495853,52541754,5/25/2014 14:58,5/25/2014 15:15,,,I don't know.,,,I don't know.,,,I don't know.,Safe,,,,Unsafe,,,Unsafe,,Safe,,,,,I don't know.,Safe,,,,Unsafe,,,Unsafe,,Safe,,,,Unsafe,,,Unsafe,,Safe,,,,,I don't know.,,,I don't know.,Safe,,,,Unsafe,,Safe,,,,,I don't know.,,,I don't know.,,,I don't know.,,,I don't know.,,,I don't know.,
3271333302,52541754,5/25/2014 10:33,5/25/2014 11:32,Safe,,,Safe,,,Safe,,,Safe,,,Safe,,,Safe,,,Safe,,,Safe,,,Safe,,,Safe,,,Safe,,,Safe,,,Safe,,,Safe,,,Safe,,,Safe,,,Safe,,,Safe,,,Safe,,,Safe,,,Safe,,,Safe,,,Safe,,,Safe,,,Safe,,,
3271032563,52541754,5/24/2014 23:01,5/24/2014 23:13,Safe,,,,,I don't know.,,,I don't know.,,,I don't know.,,Unsafe,,Safe,,,,Unsafe,,,,I don't know.,,Unsafe,,,Unsafe,,,,,Safe,,,Safe,,,,Unsafe,,,Unsafe,,,,,,,,,,,,,,,,,,,,,,,,,,,,,,,,
3270630251,52541754,5/24/2014 13:12,5/24/2014 13:26,,Unsafe,,Safe,,,,,I don't know.,,Unsafe,,,,I don't know.,,Unsafe,,,Unsafe,,,,I don't know.,,,I don't know.,Safe,,,Safe,,,,,I don't know.,Safe,,,Safe,,,,Unsafe,,,,I don't know.,,Unsafe,,,,,,,,,,,Safe,,,Safe,,,Safe,,,,,I don't know.,,,I don't know.,
3270610651,52541754,5/24/2014 12:45,5/24/2014 12:58,,,I don't know.,,Unsafe,,Safe,,,,Unsafe,,Safe,,,Safe,,,,,,Safe,,,Safe,,,Safe,,,Safe,,,Safe,,,Safe,,,Safe,,,Safe,,,,,I don't know.,Safe,,,Safe,,,Safe,,,Safe,,,Safe,,,Safe,,,Safe,,,Safe,,,Safe,,,
3270102227,52541754,5/23/2014 23:37,5/24/2014 0:11,,Unsafe,,Safe,,,,,I don't know.,,Unsafe,,,Unsafe,,Safe,,,,Unsafe,,Safe,,,,Unsafe,,Safe,,,Safe,,,Safe,,,Safe,,,,Unsafe,,,Unsafe,,Safe,,,,Unsafe,,Safe,,,Safe,,,Safe,,,Safe,,,Safe,,,Safe,,,,Unsafe,,Safe,,,
3270029936,52541754,5/23/2014 21:42,5/23/2014 22:35,,,I don't know.,,,I don't know.,,,I don't know.,,,I don't know.,,Unsafe,,,Unsafe,,,Unsafe,,,Unsafe,,,Unsafe,,Safe,,,Safe,,,Safe,,,Safe,,,,Unsafe,,,Unsafe,,,Unsafe,,Safe,,,Safe,,,Safe,,,Safe,,,Safe,,,,,I don't know.,Safe,,,,,I don't know.,,,I don't know.,
3269368182,52541754,5/23/2014 13:52,5/23/2014 14:32,,Unsafe,,,Unsafe,,Safe,,,Safe,,,,Unsafe,,Safe,,,,,,,Unsafe,,Safe,,,Safe,,,Safe,,,,Unsafe,,Safe,,,Safe,,,Safe,,,Safe,,,Safe,,,Safe,,,Safe,,,Safe,,,Safe,,,Safe,,,Safe,,,Safe,,,,,I don't know.,
3268981586,52541754,5/23/2014 11:11,5/23/2014 11:16,,,I don't know.,,,I don't know.,,,I don't know.,,,I don't know.,,Unsafe,,Safe,,,Safe,,,Safe,,,Safe,,,Safe,,,Safe,,,Safe,,,Safe,,,,,I don't know.,,,I don't know.,,,I don't know.,,,I don't know.,,,I don't know.,Safe,,,,,I don't know.,,,,,,I don't know.,,,I don't know.,,,I don't know.,,,I don't know.,
3268939159,52541754,5/23/2014 10:53,5/23/2014 11:36,,,I don't know.,,,I don't know.,Safe,,,,Unsafe,,Safe,,,Safe,,,Safe,,,,Unsafe,,Safe,,,Safe,,,Safe,,,Safe,,,,Unsafe,,Safe,,,Safe,,,Safe,,,Safe,,,Safe,,,Safe,,,Safe,,,Safe,,,,Unsafe,,Safe,,,Safe,,,Safe,,,
3268549512,52541754,5/23/2014 8:06,5/23/2014 8:23,,Unsafe,,,Unsafe,,,Unsafe,,,Unsafe,,,Unsafe,,,Unsafe,,Safe,,,,Unsafe,,Safe,,,,Unsafe,,,Unsafe,,,Unsafe,,Safe,,,,Unsafe,,,Unsafe,,Safe,,,Safe,,,Safe,,,Safe,,,,,,Safe,,,,Unsafe,,,,,Safe,,,Safe,,,
3268534883,52541754,5/23/2014 7:57,5/23/2014 8:30,,Unsafe,,Safe,,,Safe,,,Safe,,,Safe,,,Safe,,,Safe,,,,Unsafe,,,Unsafe,,Safe,,,Safe,,,Safe,,,Safe,,,Safe,,,Safe,,,Safe,,,Safe,,,Safe,,,Safe,,,Safe,,,Safe,,,Safe,,,Safe,,,Safe,,,Safe,,,
3268497435,52541754,5/23/2014 7:32,5/23/2014 7:43,,Unsafe,,Safe,,,,Unsafe,,Safe,,,,,I don't know.,Safe,,,Safe,,,Safe,,,Safe,,,,Unsafe,,Safe,,,Safe,Unsafe,,Safe,,,Safe,,,Safe,,,,,I don't know.,,Unsafe,,Safe,,,Safe,,,Safe,,,Safe,,,,,,Safe,,,Safe,,,Safe,,,
3268446050,52541754,5/23/2014 6:53,5/23/2014 7:32,,Unsafe,,Safe,,,,Unsafe,,Safe,,,,Unsafe,,,Unsafe,,,,I don't know.,,,I don't know.,,Unsafe,,,Unsafe,,,,I don't know.,,,I don't know.,,,I don't know.,Safe,,,,Unsafe,,Safe,,,,,,Safe,,,Safe,,,,Unsafe,,Safe,,,,,I don't know.,Safe,,,Safe,,,Safe,,,
3268095286,52541754,5/23/2014 0:46,5/23/2014 0:49,,Unsafe,,Safe,,,Safe,,,Safe,,,,Unsafe,,Safe,,,Safe,,,Safe,,,,Unsafe,,,Unsafe,,Safe,,,Safe,,,Safe,,,Safe,,,,Unsafe,,Safe,,,Safe,,,Safe,,,Safe,,,Safe,,,Safe,,,Safe,,,Safe,,,Safe,,,Safe,,,
3268003439,52541754,5/22/2014 23:02,5/22/2014 23:29,,Unsafe,,,Unsafe,,,Unsafe,,,Unsafe,,,Unsafe,,,Unsafe,,,Unsafe,,,Unsafe,,,Unsafe,,,Unsafe,,,Unsafe,,,Unsafe,,,Unsafe,,,Unsafe,,,Unsafe,,,Unsafe,,,Unsafe,,,Unsafe,,,Unsafe,,,Unsafe,,,Unsafe,,,Unsafe,,,Unsafe,,,Unsafe,,,Unsafe,,
3267933580,52541754,5/22/2014 21:56,5/23/2014 0:07,,,I don't know.,,,I don't know.,,,I don't know.,Safe,,,Safe,,,Safe,,,Safe,,,Safe,,,,Unsafe,,Safe,,,Safe,,,Safe,,,Safe,,,Safe,,,Safe,Unsafe,,Safe,,,Safe,,,Safe,,,Safe,,,Safe,,,Safe,,,,Unsafe,,Safe,,,,Unsafe,,Safe,,,
3267846166,52541754,5/22/2014 20:46,5/22/2014 21:07,,,I don't know.,,,I don't know.,,,I don't know.,,,I don't know.,Safe,,,Safe,,,Safe,,,,,I don't know.,,,I don't know.,Safe,,,Safe,,,Safe,,,,,I don't know.,,,I don't know.,,,I don't know.,,,I don't know.,Safe,,,Safe,,,Safe,,,Safe,,,Safe,,,Safe,,,Safe,,,,,I don't know.,,,I don't know.,
3267357595,52541754,5/22/2014 15:58,5/22/2014 16:09,,,I don't know.,,,I don't know.,,Unsafe,,,Unsafe,,,Unsafe,,Safe,,,Safe,,,Safe,,,,Unsafe,,Safe,,,Safe,,,Safe,,,Safe,,,Safe,,,Safe,,,Safe,,,,Unsafe,,Safe,,,Safe,,,Safe,,,Safe,,,Safe,,,Safe,,,Safe,,,Safe,,,
3267345542,52541754,5/22/2014 15:53,5/22/2014 15:57,,,I don't know.,Safe,,,Safe,,,,Unsafe,,,Unsafe,,,Unsafe,,,Unsafe,,,Unsafe,,Safe,,,,Unsafe,,Safe,,,,Unsafe,,,Unsafe,,Safe,,,,Unsafe,,Safe,,,,Unsafe,,Safe,,,Safe,,,Safe,,,,Unsafe,,,Unsafe,,Safe,,,,Unsafe,,Safe,,,
3267268798,52541754,5/22/2014 15:23,5/22/2014 15:30,,,I don't know.,,,I don't know.,,Unsafe,,,Unsafe,,,Unsafe,,,Unsafe,,,Unsafe,,,Unsafe,,,Unsafe,,Safe,,,Safe,,,Safe,,,,Unsafe,,,Unsafe,,,Unsafe,,,,I don't know.,,Unsafe,,,Unsafe,,Safe,,,Safe,,,Safe,,,Safe,,,Safe,,,,,I don't know.,,,I don't know.,
3267222674,52541754,5/22/2014 15:05,5/22/2014 15:14,,Unsafe,,,Unsafe,,,Unsafe,,Safe,,,Safe,,,Safe,,,Safe,,,,Unsafe,,,,I don't know.,,,I don't know.,Safe,,,Safe,,,Safe,,,Safe,,,Safe,,,Safe,,,Safe,,,Safe,,,Safe,,,Safe,,,Safe,,,Safe,,,Safe,,,Safe,,,Safe,,,
3267157690,52541754,5/22/2014 14:42,5/22/2014 14:52,,,I don't know.,,,I don't know.,,,I don't know.,,Unsafe,,,Unsafe,,Safe,Unsafe,,Safe,Unsafe,,,Unsafe,,,,I don't know.,Safe,,,Safe,Unsafe,,Safe,Unsafe,,Safe,Unsafe,,,,,Safe,,,Safe,Unsafe,,Safe,,,Safe,,,Safe,,,Safe,,,Safe,,,Safe,Unsafe,,Safe,,,Safe,,,Safe,Unsafe,,
3267143763,52541754,5/22/2014 14:36,5/22/2014 15:09,,Unsafe,,,Unsafe,,,Unsafe,,,Unsafe,,,Unsafe,,,Unsafe,,,Unsafe,,,Unsafe,,,Unsafe,,Safe,,,Safe,,,,Unsafe,,Safe,,,Safe,,,,Unsafe,,Safe,,,,Unsafe,,,Unsafe,,,Unsafe,,,Unsafe,,Safe,,,,Unsafe,,Safe,,,Safe,,,Safe,,,
3267124300,52541754,5/22/2014 14:29,5/22/2014 15:02,,,I don't know.,,,I don't know.,,Unsafe,,,Unsafe,,,Unsafe,,Safe,,,,,I don't know.,Safe,,,,,I don't know.,Safe,,,Safe,,,,Unsafe,,,,I don't know.,Safe,,,Safe,,,Safe,,,,Unsafe,,Safe,,,,Unsafe,,Safe,,,,,I don't know.,,Unsafe,,,,I don't know.,,,I don't know.,,,I don't know.,
3267105519,52541754,5/22/2014 14:21,5/22/2014 14:24,,Unsafe,,,Unsafe,,,Unsafe,,,Unsafe,,Safe,,,Safe,,,Safe,,,,Unsafe,,,Unsafe,,Safe,,,Safe,,,Safe,,,Safe,,,,Unsafe,,Safe,,,,,I don't know.,Safe,,,Safe,,,Safe,,,Safe,,,Safe,,,Safe,,,Safe,,,Safe,,,Safe,,,
3267030508,52541754,5/22/2014 13:53,5/22/2014 14:53,,Unsafe,,,Unsafe,,,Unsafe,,,Unsafe,,,Unsafe,,,Unsafe,,,Unsafe,,,Unsafe,,,Unsafe,,,Unsafe,,,Unsafe,,,Unsafe,,,Unsafe,,,Unsafe,,,Unsafe,,,Unsafe,,,Unsafe,,,Unsafe,,,Unsafe,,,Unsafe,,,Unsafe,,,Unsafe,,,Unsafe,,Safe,,,Safe,,,
3267008018,52541754,5/22/2014 13:43,5/22/2014 14:18,,Unsafe,,,,I don't know.,,Unsafe,,Safe,,,,Unsafe,,Safe,,,Safe,,,Safe,,,Safe,,,Safe,,,Safe,,,Safe,,,Safe,,,Safe,,,Safe,,,,,I don't know.,,Unsafe,,,Unsafe,,Safe,,,,Unsafe,,Safe,,,,Unsafe,,Safe,,,Safe,,,Safe,,,
3267007308,52541754,5/22/2014 13:43,5/22/2014 13:50,,,I don't know.,,,I don't know.,,,I don't know.,Safe,,,Safe,,,Safe,,,Safe,,,,Unsafe,,,Unsafe,,,Unsafe,,,Unsafe,,,Unsafe,,,Unsafe,,Safe,,,Safe,,,,,I don't know.,,Unsafe,,,Unsafe,,Safe,,,Safe,,,Safe,,,Safe,,,Safe,,,Safe,,,Safe,,,
3266999102,52541754,5/22/2014 13:40,5/22/2014 15:45,,,I don't know.,,,I don't know.,,,I don't know.,,,I don't know.,,Unsafe,,Safe,,,Safe,Unsafe,,,Unsafe,,,Unsafe,,Safe,Unsafe,,Safe,,,Safe,,,,Unsafe,,,Unsafe,,,Unsafe,,,,I don't know.,Safe,Unsafe,,Safe,,,Safe,Unsafe,,Safe,Unsafe,,Safe,,,Safe,,,Safe,,,Safe,,,,,I don't know.,
3266904312,52541754,5/22/2014 13:01,5/22/2014 13:10,,Unsafe,,,,I don't know.,,Unsafe,,,,I don't know.,,Unsafe,,Safe,,,Safe,,,,Unsafe,,,Unsafe,,,Unsafe,,,Unsafe,,Safe,Unsafe,,,Unsafe,,,Unsafe,,,Unsafe,,,,I don't know.,Safe,,,Safe,,,Safe,,,Safe,,,Safe,,,Safe,,,Safe,,,Safe,,,Safe,,,
3266895949,52541754,5/22/2014 12:58,5/22/2014 13:10,,,,,,,,,,,,,,,,,,,,,,,,,Safe,,,,,,,,,,,,,,,,,,,,,,,,,,,,,,,,,,,,,,,,,,,,,,,,,,,
3266669825,52541754,5/22/2014 11:32,5/22/2014 11:38,,,I don't know.,Safe,,I don't know.,Safe,,I don't know.,Safe,,,Safe,,,Safe,,,Safe,,,Safe,,,Safe,,,Safe,,,Safe,,,Safe,,,Safe,,,Safe,,,Safe,,,Safe,,,Safe,,,Safe,,,Safe,,,Safe,,,Safe,,,Safe,,,Safe,,,Safe,,,Safe,,,
3266544239,52541754,5/22/2014 10:47,5/22/2014 22:34,,Unsafe,,,Unsafe,,,Unsafe,,,Unsafe,,,,I don't know.,,Unsafe,,,,I don't know.,,Unsafe,,,Unsafe,,,Unsafe,,,Unsafe,,,,I don't know.,,,,,Unsafe,,,,I don't know.,,,I don't know.,,,I don't know.,,,I don't know.,,Unsafe,,,Unsafe,,,Unsafe,,,,I don't know.,,,I don't know.,,Unsafe,,,Unsafe,,
3266474116,52541754,5/22/2014 10:21,5/22/2014 10:33,,,I don't know.,,,I don't know.,,,I don't know.,,,I don't know.,,Unsafe,,,Unsafe,,,,I don't know.,,Unsafe,,,,I don't know.,,Unsafe,,Safe,,,,Unsafe,,,Unsafe,,,Unsafe,,,Unsafe,,,,I don't know.,,,I don't know.,Safe,,,Safe,,,Safe,,,Safe,,,Safe,,,,,I don't know.,,,I don't know.,,,I don't know.,
3266453080,52541754,5/22/2014 10:14,5/22/2014 10:25,,,I don't know.,,,I don't know.,,,I don't know.,Safe,,,Safe,,,Safe,,,Safe,,,Safe,,,Safe,,,Safe,,,Safe,,,Safe,,,Safe,,,Safe,,,Safe,,,Safe,,,Safe,,,Safe,,,Safe,,,Safe,,,Safe,,,Safe,,,Safe,,,Safe,,,Safe,,,
3266418511,52541754,5/22/2014 10:01,5/22/2014 10:06,,,I don't know.,,,I don't know.,,,I don't know.,,Unsafe,,,Unsafe,,Safe,,,,Unsafe,,,Unsafe,,,,I don't know.,,Unsafe,,Safe,,,Safe,,,Safe,,,,Unsafe,,,Unsafe,,,,I don't know.,,Unsafe,,Safe,,,,Unsafe,,,Unsafe,,Safe,,,,,I don't know.,,,I don't know.,,,I don't know.,,,I don't know.,
3266099311,52541754,5/22/2014 7:39,5/22/2014 7:50,,Unsafe,,,Unsafe,,,Unsafe,,Safe,,,,Unsafe,,,Unsafe,,,Unsafe,,,Unsafe,,Safe,,,,Unsafe,,Safe,,,,Unsafe,,Safe,,,,Unsafe,,,Unsafe,,Safe,,,,Unsafe,,,Unsafe,,,Unsafe,,,Unsafe,,,Unsafe,,,Unsafe,,,Unsafe,,,Unsafe,,,Unsafe,,
3266069968,52541754,5/22/2014 7:20,5/22/2014 7:26,,Unsafe,,,Unsafe,,,Unsafe,,,Unsafe,,,Unsafe,,,Unsafe,,,Unsafe,,,Unsafe,,,Unsafe,,,Unsafe,,,Unsafe,,,Unsafe,,,Unsafe,,,Unsafe,,,Unsafe,,,Unsafe,,,Unsafe,,,Unsafe,,,Unsafe,,,Unsafe,,,Unsafe,,,Unsafe,,,Unsafe,,,Unsafe,,,Unsafe,,
3265985309,52541754,5/22/2014 6:14,5/22/2014 6:22,,,I don't know.,,,I don't know.,,,I don't know.,Safe,,,Safe,,,Safe,,,Safe,,,,Unsafe,,,,,Safe,,,Safe,,,Safe,,,Safe,,,Safe,,,Safe,,,,Unsafe,,Safe,,,Safe,,,Safe,,,Safe,,,Safe,,,Safe,,,Safe,,,Safe,,,Safe,,,
3265493228,52541754,5/21/2014 21:57,5/21/2014 23:09,,,I don't know.,,,I don't know.,,,I don't know.,,,I don't know.,,Unsafe,,,Unsafe,,,,I don't know.,Safe,,,Safe,,,Safe,,,Safe,,,Safe,,,,Unsafe,,,,I don't know.,Safe,,,,,I don't know.,,,I don't know.,,Unsafe,,,Unsafe,,,Unsafe,,,Unsafe,,Safe,,,,,I don't know.,,,I don't know.,,,I don't know.,
3265464670,52541754,5/21/2014 21:35,5/21/2014 21:54,Safe,,,,,I don't know.,,,I don't know.,,Unsafe,,,Unsafe,,,Unsafe,,,Unsafe,,Safe,,,Safe,,,Safe,,,Safe,,,Safe,,,Safe,,,Safe,,,Safe,,,,Unsafe,,Safe,,,Safe,,,Safe,,,Safe,,,Safe,,,Safe,,,Safe,,,Safe,,,Safe,,,
3265441074,52541754,5/21/2014 21:18,5/21/2014 21:39,,,I don't know.,,,I don't know.,,,I don't know.,,,I don't know.,,Unsafe,,Safe,,,,,I don't know.,Safe,,,,Unsafe,,Safe,,,Safe,,,Safe,,,,,I don't know.,,,I don't know.,,Unsafe,,,,I don't know.,,,I don't know.,Safe,,,Safe,,,Safe,,,,,I don't know.,Safe,,,Safe,,,Safe,,,Safe,,,
3265283766,52541754,5/21/2014 19:23,5/21/2014 20:55,,,I don't know.,,,I don't know.,,,I don't know.,Safe,,,Safe,,,Safe,,,Safe,,,,Unsafe,,,,I don't know.,,Unsafe,,Safe,,,Safe,,,Safe,,,Safe,,,Safe,,,,,I don't know.,Safe,,,Safe,,,Safe,,,Safe,,,Safe,,,Safe,,,Safe,,,,,I don't know.,,,I don't know.,
3265281728,52541754,5/21/2014 19:22,5/21/2014 20:31,,,I don't know.,,,I don't know.,,,I don't know.,,,I don't know.,,,I don't know.,,,I don't know.,,,I don't know.,,Unsafe,,,Unsafe,,,Unsafe,,,Unsafe,,Safe,,,Safe,,,,Unsafe,,Safe,,,,,I don't know.,Safe,,,Safe,,,Safe,,,Safe,,,Safe,,,Safe,,,,Unsafe,,,Unsafe,,,,I don't know.,
3265192687,52541754,5/21/2014 18:25,5/21/2014 18:37,,Unsafe,,,Unsafe,,,Unsafe,,,Unsafe,,,Unsafe,,Safe,,,Safe,,,,Unsafe,,,Unsafe,,,Unsafe,,,,,,Unsafe,,,Unsafe,,Safe,,,,Unsafe,,,Unsafe,,,Unsafe,,,Unsafe,,,Unsafe,,,Unsafe,,,Unsafe,,,Unsafe,,Safe,,,Safe,,,Safe,,,
3265142076,52541754,5/21/2014 17:56,5/21/2014 18:04,Safe,,,Safe,,,Safe,,,Safe,,,Safe,,,Safe,,,Safe,,,Safe,,,Safe,,,Safe,,,Safe,,,Safe,,,Safe,,,Safe,,,Safe,,,Safe,,,Safe,,,Safe,,,Safe,,,Safe,,,Safe,,,Safe,,,Safe,,,Safe,,,Safe,,,
3264843262,52541754,5/21/2014 15:38,5/22/2014 11:56,,,I don't know.,,,I don't know.,,Unsafe,,,,I don't know.,,Unsafe,,,Unsafe,,,,I don't know.,,Unsafe,,,Unsafe,,,Unsafe,,,Unsafe,,,Unsafe,,,,I don't know.,,,I don't know.,,,I don't know.,,,I don't know.,,,I don't know.,,,I don't know.,,Unsafe,,,Unsafe,,,Unsafe,,,Unsafe,,,,I don't know.,,,I don't know.,,,I don't know.,
3263951411,52541754,5/21/2014 10:21,5/21/2014 10:33,,Unsafe,,,,I don't know.,,Unsafe,,,Unsafe,,,Unsafe,,,Unsafe,,,Unsafe,,Safe,,,,Unsafe,,,Unsafe,,,Unsafe,,Safe,,,,Unsafe,,,Unsafe,,,Unsafe,,,,I don't know.,Safe,,,Safe,,,,Unsafe,,Safe,,,,Unsafe,,,,I don't know.,,,I don't know.,,,I don't know.,,,I don't know.,
3263893349,52541754,5/21/2014 10:01,5/21/2014 10:03,,,I don't know.,,,I don't know.,,,I don't know.,,,I don't know.,,,I don't know.,,,I don't know.,,,I don't know.,,,I don't know.,,,I don't know.,,,I don't know.,,,I don't know.,,,I don't know.,,,I don't know.,,,I don't know.,,,I don't know.,,,I don't know.,,,I don't know.,,,I don't know.,,,I don't know.,,,I don't know.,,,I don't know.,,,I don't know.,,,I don't know.,,,I don't know.,,,I don't know.,
3263667678,52541754,5/21/2014 8:31,5/21/2014 8:54,,Unsafe,,Safe,,,,Unsafe,,Safe,,,,Unsafe,,,Unsafe,,,Unsafe,,,Unsafe,,,Unsafe,,,Unsafe,,Safe,,,Safe,,,Safe,,,,Unsafe,,Safe,,,Safe,,,Safe,,,Safe,,,Safe,,,,Unsafe,,Safe,,,Safe,,,Safe,,,,,I don't know.,,,I don't know.,
3262854193,52541754,5/20/2014 20:43,5/20/2014 21:03,,,I don't know.,,,I don't know.,,,I don't know.,,,I don't know.,,,I don't know.,Safe,,,,,I don't know.,,,I don't know.,,,I don't know.,Safe,,,Safe,,,Safe,,,,,I don't know.,,,I don't know.,,,I don't know.,,,I don't know.,,,I don't know.,Safe,,,Safe,,,Safe,,,Safe,,,Safe,,,,,I don't know.,,,I don't know.,,,I don't know.,
3262589362,52541754,5/20/2014 17:55,5/21/2014 17:28,,,I don't know.,,,I don't know.,,,I don't know.,,,I don't know.,,Unsafe,,,,,,,,Safe,,,,,,,Unsafe,,,Unsafe,,,,,,,,,,,,,,,,,,,,,,,,,,,,,,,,,,,,,,,,,,,,
3262523431,52541754,5/20/2014 17:22,5/20/2014 17:49,,Unsafe,,Safe,,,,Unsafe,,,Unsafe,,,Unsafe,,Safe,,,Safe,,,,Unsafe,,Safe,,,,Unsafe,,Safe,,,Safe,,,Safe,,,,Unsafe,,,Unsafe,,Safe,,,,Unsafe,,Safe,,,Safe,,,Safe,,,Safe,,,,Unsafe,,Safe,,,Safe,,,Safe,,,
3262059301,52541754,5/20/2014 14:26,5/20/2014 14:39,,Unsafe,,,Unsafe,,,Unsafe,,,Unsafe,,,Unsafe,,,Unsafe,,,Unsafe,,,Unsafe,,,Unsafe,,,Unsafe,,,Unsafe,,,Unsafe,,,Unsafe,,,Unsafe,,,Unsafe,,,Unsafe,,,Unsafe,,,Unsafe,,,Unsafe,,,Unsafe,,,Unsafe,,,Unsafe,,,Unsafe,,,Unsafe,,,Unsafe,,
3261526281,52541754,5/20/2014 11:14,5/20/2014 11:35,,Unsafe,,,Unsafe,,,Unsafe,,,Unsafe,,,Unsafe,,,,I don't know.,,,I don't know.,,Unsafe,,,,I don't know.,,,I don't know.,,,I don't know.,Safe,,,Safe,,,,Unsafe,,,,I don't know.,,,I don't know.,Safe,,,Safe,,,,Unsafe,,,,I don't know.,Safe,,,,,I don't know.,,,I don't know.,,,I don't know.,,,I don't know.,
3261470801,52541754,5/20/2014 10:56,5/20/2014 11:05,Safe,,,Safe,,,Safe,,,,Unsafe,,,Unsafe,,,Unsafe,,,Unsafe,,Safe,,,Safe,,,Safe,,,Safe,,,Safe,,,Safe,,,,Unsafe,,,Unsafe,,Safe,,,Safe,,,Safe,,,,Unsafe,,,Unsafe,,,Unsafe,,Safe,,,,Unsafe,,,Unsafe,,,Unsafe,,
3261240690,52541754,5/20/2014 9:35,5/20/2014 9:43,,,I don't know.,,,I don't know.,,,I don't know.,,,I don't know.,,Unsafe,,,Unsafe,,,Unsafe,,,Unsafe,,,Unsafe,,Safe,,,Safe,,,Safe,,,Safe,,,,Unsafe,,,Unsafe,,,,I don't know.,Safe,,,Safe,,,Safe,,,,Unsafe,,Safe,,,Safe,,,,,I don't know.,,,I don't know.,,,I don't know.,
3261183809,52541754,5/20/2014 9:14,5/20/2014 9:53,,,I don't know.,,,I don't know.,,,I don't know.,,,I don't know.,,,I don't know.,Safe,,,,,I don't know.,,Unsafe,,Safe,,,Safe,,,,Unsafe,,,Unsafe,,,Unsafe,,,Unsafe,,Safe,,,,,I don't know.,,,I don't know.,,Unsafe,,,Unsafe,,,,I don't know.,,,I don't know.,,,I don't know.,,,I don't know.,,,I don't know.,,,I don't know.,
3261040698,52541754,5/20/2014 8:11,5/20/2014 8:24,,,I don't know.,,,I don't know.,,,I don't know.,,,I don't know.,,Unsafe,,,Unsafe,,,Unsafe,,,Unsafe,,,Unsafe,,,Unsafe,,Safe,,,,Unsafe,,,Unsafe,,,Unsafe,,,Unsafe,,,,I don't know.,,Unsafe,,,,,,,,,,,,Unsafe,,,Unsafe,,,,I don't know.,,,,,,,
3260897663,52541754,5/20/2014 6:39,5/20/2014 6:56,,Unsafe,,Safe,,,Safe,,,,Unsafe,,,Unsafe,,Safe,,,Safe,,,Safe,,,,Unsafe,,Safe,,,Safe,,,Safe,,,,Unsafe,,,Unsafe,,Safe,,,Safe,,,Safe,,,Safe,,,Safe,,,,,,Safe,,,,Unsafe,,Safe,,,Safe,,,,,I don't know.,
3258724670,52541754,5/19/2014 9:21,5/19/2014 9:42,,,I don't know.,,,I don't know.,,,I don't know.,,,I don't know.,,Unsafe,,Safe,,,,Unsafe,,,,I don't know.,,Unsafe,,,Unsafe,,Safe,,,Safe,,,Safe,,,Safe,,,,Unsafe,,,,I don't know.,,,I don't know.,,Unsafe,,,Unsafe,,,Unsafe,,,Unsafe,,,Unsafe,,,,I don't know.,,,I don't know.,,,I don't know.,
3255795178,52541754,5/16/2014 18:54,5/16/2014 19:02,,Unsafe,,Safe,,,Safe,,,,,I don't know.,,Unsafe,,Safe,,,,,I don't know.,Safe,,,,Unsafe,,,Unsafe,,Safe,,,Safe,,,,Unsafe,,,Unsafe,,,Unsafe,,,,I don't know.,,,I don't know.,,Unsafe,,Safe,,,Safe,,,,Unsafe,,,,I don't know.,,,I don't know.,,,I don't know.,,,I don't know.,
3253126523,52541754,5/16/2014 1:07,5/16/2014 1:19,,Unsafe,,,Unsafe,,,Unsafe,,,Unsafe,I don't know.,,Unsafe,,,Unsafe,,,Unsafe,,,Unsafe,,,Unsafe,,,Unsafe,,,,,,,,,,,,Unsafe,,,Unsafe,,,Unsafe,,,Unsafe,,,Unsafe,,,Unsafe,,,Unsafe,,,Unsafe,,,Unsafe,,,Unsafe,,,,,,Unsafe,,
3253072807,52541754,5/16/2014 0:06,5/16/2014 0:39,,Unsafe,,Safe,,,,Unsafe,,,Unsafe,,,Unsafe,,,Unsafe,,,Unsafe,,,,,,Unsafe,,,Unsafe,,,,I don't know.,,Unsafe,,Safe,,,,Unsafe,,,Unsafe,,,,I don't know.,,Unsafe,,,,,,Unsafe,,,Unsafe,,,,I don't know.,,Unsafe,,,,I don't know.,,,I don't know.,,Unsafe,,
3252903569,52541754,5/15/2014 21:31,5/15/2014 21:40,,,I don't know.,,,I don't know.,,,I don't know.,,Unsafe,,,,I don't know.,Safe,,,Safe,,,Safe,,,,Unsafe,,Safe,,,Safe,,,Safe,,,Safe,,,,Unsafe,,Safe,,,,,I don't know.,Safe,,,,Unsafe,,,Unsafe,,Safe,,,Safe,,,Safe,,,,,I don't know.,,,I don't know.,,,I don't know.,
3252840561,52541754,5/15/2014 20:44,5/16/2014 13:56,,,I don't know.,,,I don't know.,,Unsafe,,,Unsafe,,,Unsafe,,,Unsafe,,,Unsafe,,,Unsafe,,,Unsafe,,Safe,,,,Unsafe,,Safe,,,Safe,,,,Unsafe,,Safe,,,,,I don't know.,Safe,,,,,I don't know.,,Unsafe,,Safe,,,Safe,,,Safe,,,,Unsafe,,Safe,,I don't know.,Safe,,,
3252820983,52541754,5/15/2014 20:29,5/15/2014 20:55,,,I don't know.,,,I don't know.,,,I don't know.,,,I don't know.,,Unsafe,,Safe,,,,Unsafe,,,,I don't know.,Safe,,I don't know.,,Unsafe,,Safe,,,Safe,,,,,I don't know.,Safe,,,Safe,,,,,I don't know.,,,I don't know.,Safe,,,Safe,,,Safe,,,Safe,,,,Unsafe,,,,I don't know.,,,I don't know.,,,I don't know.,
3252110824,52541754,5/15/2014 14:40,5/15/2014 14:56,,,I don't know.,,,I don't know.,,,I don't know.,,,I don't know.,,,I don't know.,,,I don't know.,,,I don't know.,Safe,,,,Unsafe,,Safe,,,,,,Safe,,,,Unsafe,,Safe,,,,Unsafe,,,,I don't know.,Safe,,,Safe,,,Safe,,,Safe,,,Safe,,,,Unsafe,,Safe,,,,,I don't know.,,,I don't know.,
3252005063,52541754,5/15/2014 14:06,5/15/2014 14:15,,,I don't know.,,,I don't know.,,,I don't know.,,,I don't know.,,Unsafe,,,Unsafe,,,,,,Unsafe,,,,I don't know.,Safe,,,Safe,,,,Unsafe,,Safe,,,Safe,,,,Unsafe,,,,I don't know.,Safe,,,Safe,,,Safe,,,Safe,,,Safe,,,,Unsafe,,Safe,,,,,I don't know.,,,I don't know.,
3251971971,52541754,5/15/2014 13:55,5/15/2014 14:24,,,I don't know.,,,I don't know.,,,I don't know.,,,I don't know.,,Unsafe,,Safe,,,,Unsafe,,Safe,,,,,I don't know.,,Unsafe,,,Unsafe,,,Unsafe,,Safe,,,Safe,,,,Unsafe,,,,I don't know.,,,I don't know.,Safe,,,Safe,,,Safe,,,Safe,,,,Unsafe,,Safe,,,Safe,,,,,I don't know.,
3251925006,52541754,5/15/2014 13:38,5/15/2014 13:44,,Unsafe,,,,I don't know.,,Unsafe,,,,I don't know.,,Unsafe,,Safe,,,,,I don't know.,Safe,,,,,,,,,Safe,,,Safe,,,Safe,,,Safe,,,,Unsafe,,,,I don't know.,,,I don't know.,Safe,,,Safe,,,Safe,,,Safe,,,,Unsafe,,,,I don't know.,,,I don't know.,,,I don't know.,
3251914396,52541754,5/15/2014 13:34,5/15/2014 13:40,,,I don't know.,,,I don't know.,,,I don't know.,Safe,,,Safe,,,Safe,,,,Unsafe,,,Unsafe,,Safe,,,,Unsafe,,,,I don't know.,,Unsafe,,Safe,,,Safe,,,,Unsafe,,,Unsafe,,,Unsafe,,,Unsafe,,Safe,,,Safe,,,Safe,,,,Unsafe,,Safe,,,,Unsafe,,,,I don't know.,
3251878418,52541754,5/15/2014 13:22,5/15/2014 13:27,,,I don't know.,,,I don't know.,,,I don't know.,,,I don't know.,,,I don't know.,,Unsafe,,,Unsafe,,,Unsafe,,,,I don't know.,,Unsafe,,,,I don't know.,,,I don't know.,,,I don't know.,,,I don't know.,,Unsafe,,,,I don't know.,,Unsafe,,,Unsafe,,,Unsafe,,,Unsafe,,,,I don't know.,,,I don't know.,,,I don't know.,,,I don't know.,,,I don't know.,
3250400196,52541754,5/14/2014 23:52,5/14/2014 23:55,,Unsafe,,,,I don't know.,,Unsafe,,Safe,,,,,I don't know.,Safe,,,,Unsafe,,,Unsafe,,,,I don't know.,,Unsafe,,Safe,,,Safe,,,,Unsafe,,,,I don't know.,,Unsafe,,,Unsafe,,,,I don't know.,,,I don't know.,Safe,,,Safe,,,,,I don't know.,,,I don't know.,,,I don't know.,,,I don't know.,,,I don't know.,
3248907533,52541754,5/14/2014 12:10,5/14/2014 12:21,,,I don't know.,,,I don't know.,,,I don't know.,,,I don't know.,Safe,,,Safe,,,Safe,,,Safe,,,Safe,,,,Unsafe,,Safe,,,Safe,,,Safe,,,Safe,,,Safe,,,,,I don't know.,Safe,,,Safe,,,Safe,,,Safe,,,Safe,,,Safe,,,Safe,,,Safe,,,Safe,,,
3247564624,52541754,5/13/2014 22:54,5/13/2014 23:02,,,I don't know.,,,I don't know.,,,I don't know.,,,I don't know.,,,I don't know.,Safe,,,Safe,,,,Unsafe,,,,I don't know.,,Unsafe,,,Unsafe,,Safe,,,Safe,,,Safe,,,Safe,,,,,I don't know.,,,I don't know.,Safe,,,Safe,,,Safe,,,Safe,,,Safe,,,Safe,,,Safe,,,,,I don't know.,
3246626337,52541754,5/13/2014 14:45,5/13/2014 14:59,,Unsafe,,,Unsafe,,,Unsafe,,,Unsafe,,,Unsafe,,,Unsafe,,,Unsafe,,,Unsafe,,,,I don't know.,,,,,,,,,,,,,,,,,,,,Unsafe,,,,,,Unsafe,,,Unsafe,,,Unsafe,,,,,,,,,,,,,,,,,
3246087111,52541754,5/13/2014 11:53,5/13/2014 12:03,,Unsafe,,Safe,,,Safe,,,,,,,Unsafe,,,Unsafe,,,Unsafe,,,Unsafe,,Safe,,,,Unsafe,,,Unsafe,,Safe,,,Safe,,,Safe,,,,Unsafe,,Safe,,,Safe,,,Safe,,,Safe,,,Safe,,,Safe,,,,Unsafe,,Safe,,,,Unsafe,,,Unsafe,,
3245990438,52541754,5/13/2014 11:25,5/13/2014 11:33,,,I don't know.,,,I don't know.,,,I don't know.,,,I don't know.,,,I don't know.,Safe,,,,,I don't know.,,,I don't know.,,Unsafe,,,Unsafe,,,Unsafe,,Safe,,,,Unsafe,,,Unsafe,,,Unsafe,,,,I don't know.,,,I don't know.,Safe,,,Safe,,,Safe,,,,,I don't know.,,,I don't know.,,Unsafe,,Safe,,,Safe,,,
3245939539,52541754,5/13/2014 11:09,5/13/2014 11:48,,Unsafe,,Safe,,,,,I don't know.,,,I don't know.,Safe,,,Safe,,,Safe,,,Safe,,,,,I don't know.,,,I don't know.,Safe,,,Safe,,,Safe,,,Safe,,,,,I don't know.,Safe,,,,Unsafe,,Safe,,,,,I don't know.,,,I don't know.,Safe,,,,,I don't know.,Safe,,,,,I don't know.,,,I don't know.,
3245907332,52541754,5/13/2014 11:02,5/13/2014 11:06,,Unsafe,,,,I don't know.,,Unsafe,,Safe,,,Safe,,,,Unsafe,,Safe,,,,Unsafe,,,Unsafe,,,Unsafe,,Safe,,,,Unsafe,,Safe,,,Safe,,,Safe,,,Safe,,,,Unsafe,,Safe,,,,Unsafe,,,Unsafe,,Safe,,,Safe,,,Safe,,,Safe,,,Safe,,,
3244479946,52541754,5/12/2014 19:44,5/12/2014 20:16,,Unsafe,,,,I don't know.,,Unsafe,,,Unsafe,,,Unsafe,,Safe,,,,Unsafe,,Safe,,,,Unsafe,,,Unsafe,,Safe,,,Safe,,,Safe,,,Safe,,,,Unsafe,,,Unsafe,,,Unsafe,,Safe,,,Safe,,,,Unsafe,,Safe,,,Safe,,,Safe,,,Safe,,,Safe,,,
3244462351,52541754,5/12/2014 19:33,5/12/2014 19:50,Safe,,,Safe,,,Safe,,,,,I don't know.,,Unsafe,,Safe,,,Safe,,,Safe,,,,,I don't know.,Safe,,,Safe,,,Safe,,,,Unsafe,,,Unsafe,,,Unsafe,,Safe,,,Safe,,,Safe,,,Safe,,,Safe,,,Safe,,,,Unsafe,,Safe,,,,,I don't know.,Safe,,,
3244329069,52541754,5/12/2014 18:13,5/12/2014 18:16,,,I don't know.,,,I don't know.,,,I don't know.,Safe,,,,Unsafe,,Safe,,,Safe,,,,Unsafe,,,,I don't know.,Safe,,,Safe,,,Safe,,,Safe,,,Safe,,,Safe,,,Safe,,,Safe,,,Safe,,,Safe,,,Safe,,,Safe,,,Safe,,,Safe,,,Safe,,,Safe,,,
3244298960,52541754,5/12/2014 17:57,5/12/2014 18:13,,,I don't know.,,,I don't know.,,,,,,,,,,,,,,,,,,,,,,,,,,,,,,,,,,,,,,,,,,,,,,,,,,,,,,,,,,,,,,,,,,,,,,
3244250825,52541754,5/12/2014 17:32,5/12/2014 17:40,,,I don't know.,,,I don't know.,,,I don't know.,,Unsafe,,,Unsafe,,,Unsafe,,,Unsafe,,Safe,,,Safe,,,,Unsafe,,,Unsafe,,,Unsafe,,,Unsafe,,Safe,,,,Unsafe,,,,I don't know.,,Unsafe,,Safe,,,Safe,,,Safe,,,Safe,,,,Unsafe,,,,I don't know.,,,I don't know.,,,I don't know.,
3244210379,52541754,5/12/2014 17:14,5/12/2014 17:24,,Unsafe,,,,I don't know.,,,I don't know.,,,I don't know.,,,I don't know.,Safe,,,Safe,,,Safe,,,,,I don't know.,,Unsafe,,Safe,,,,Unsafe,,,,I don't know.,,Unsafe,,Safe,,,Safe,,,Safe,,,Safe,,,Safe,,,Safe,,,Safe,,,,Unsafe,,,,I don't know.,,,I don't know.,,,I don't know.,
3244194252,52541754,5/12/2014 17:07,5/12/2014 17:18,,Unsafe,,Safe,,,,,I don't know.,,,I don't know.,,Unsafe,,Safe,,,Safe,,,,,I don't know.,,,I don't know.,Safe,,,Safe,,,Safe,,,Safe,,,Safe,,,Safe,,,Safe,,,Safe,,,Safe,,,Safe,,,,Unsafe,,Safe,,,Safe,,,Safe,,,Safe,,,Safe,,,
3244171445,52541754,5/12/2014 16:58,5/12/2014 17:03,,Unsafe,,,Unsafe,,,,I don't know.,,Unsafe,,,Unsafe,,,Unsafe,,Safe,,,,Unsafe,,,,I don't know.,,Unsafe,,Safe,,,,Unsafe,,Safe,,,Safe,,,,Unsafe,,,Unsafe,,,Unsafe,,Safe,,,Safe,,,,Unsafe,,Safe,,,,,I don't know.,,,I don't know.,,,I don't know.,,,I don't know.,
3244163995,52541754,5/12/2014 16:55,5/12/2014 16:58,,Unsafe,,,Unsafe,,,Unsafe,,,Unsafe,,,,,Safe,,,,Unsafe,,Safe,,,,Unsafe,,,Unsafe,,Safe,,,Safe,,,Safe,,,Safe,,,,Unsafe,,Safe,,,,Unsafe,,Safe,,,,Unsafe,,,Unsafe,,Safe,,,Safe,,,Safe,,,Safe,,,Safe,,,
3244145332,52541754,5/12/2014 16:47,5/12/2014 16:58,,Unsafe,,Safe,,,,Unsafe,,,Unsafe,,,Unsafe,,Safe,,,,Unsafe,,,Unsafe,,,Unsafe,,,Unsafe,,,Unsafe,,,Unsafe,,Safe,,,,Unsafe,,,Unsafe,,Safe,,,,Unsafe,,,Unsafe,,,Unsafe,,,Unsafe,,,Unsafe,,,Unsafe,,,Unsafe,,,Unsafe,,Safe,,,
3244085541,52541754,5/12/2014 16:23,5/12/2014 16:43,,Unsafe,,,,,,Unsafe,,,Unsafe,,,Unsafe,,,Unsafe,,,Unsafe,,,Unsafe,,,Unsafe,,,Unsafe,,,Unsafe,,,Unsafe,,,Unsafe,,,Unsafe,,,Unsafe,,,Unsafe,,Safe,,,,Unsafe,,,Unsafe,,,Unsafe,,,Unsafe,,,Unsafe,,,Unsafe,,,Unsafe,,,Unsafe,,
3244071156,52541754,5/12/2014 16:17,5/12/2014 16:19,,,,,,,,,,,,,,,,,,,,,,,,,,,,,,,,Unsafe,,,,,,,,,,,,,,,,,,,,,,,,,,,,,,,,,,,,,,,,,,,,
3244039550,52541754,5/12/2014 16:05,5/12/2014 16:14,,,I don't know.,,,I don't know.,,,I don't know.,,,I don't know.,,,,,,,,,,,,,,,,,,,,,,,,,,,,,,,,,,,,,,,,,,,,,,,,,,,,,,,,,,,,,,,,
3243987557,52541754,5/12/2014 15:45,5/12/2014 16:06,,,I don't know.,Safe,,,,,I don't know.,,,I don't know.,,Unsafe,,,Unsafe,,,Unsafe,,,,I don't know.,,Unsafe,I don't know.,,Unsafe,,,Unsafe,,,Unsafe,,,,I don't know.,,Unsafe,,,Unsafe,,,Unsafe,,,Unsafe,,,Unsafe,,,Unsafe,,,Unsafe,,,,I don't know.,,Unsafe,,,Unsafe,,,Unsafe,,,,I don't know.,
3243963622,52541754,5/12/2014 15:36,5/12/2014 16:27,,,,,,,,,,,,,,,,,,,Safe,,,Safe,,,,,,,Unsafe,,,,,,,,,,,,,,Safe,,,,,,,,,,,,,,,,,,,,,,,,,,,,,,Safe,,,
3243947459,52541754,5/12/2014 15:28,5/12/2014 15:33,,,I don't know.,,,I don't know.,,,I don't know.,Safe,,,Safe,,,Safe,,,Safe,,,Safe,,,Safe,,,Safe,,,Safe,,,Safe,,,Safe,,,Safe,,,Safe,,,Safe,,,Safe,,,Safe,,,Safe,,,Safe,,,Safe,,,Safe,,,Safe,,,Safe,,,Safe,,,
3243932953,52541754,5/12/2014 15:25,5/12/2014 15:27,,Unsafe,,,Unsafe,,,,I don't know.,,,I don't know.,,,I don't know.,,Unsafe,,,,I don't know.,,Unsafe,,,,I don't know.,,Unsafe,,Safe,,,,Unsafe,,,,I don't know.,Safe,,,,Unsafe,,,,I don't know.,Safe,,,Safe,,,,Unsafe,,Safe,,,Safe,,,Safe,,,Safe,,,,,I don't know.,,,I don't know.,
3243850090,52541754,5/12/2014 14:54,5/12/2014 15:05,,Unsafe,,,,I don't know.,,Unsafe,,Safe,,,Safe,,,,Unsafe,,Safe,,,Safe,,,Safe,,,,Unsafe,,Safe,,,Safe,,,Safe,,,Safe,,,,Unsafe,,Safe,,,Safe,,,Safe,,,Safe,,,Safe,,,Safe,,,Safe,,,Safe,,,Safe,,,Safe,,,
3243763210,52541754,5/12/2014 14:21,5/12/2014 14:37,,,I don't know.,Safe,,I don't know.,,,I don't know.,Safe,,,,,I don't know.,Safe,,,Safe,,,,Unsafe,,,Unsafe,,Safe,,,Safe,,,Safe,,,Safe,,,Safe,,,Safe,,,Safe,,,Safe,,,Safe,,,Safe,,,,,,Safe,,,Safe,,,,,I don't know.,,,I don't know.,,,I don't know.,
3243744015,52541754,5/12/2014 14:14,5/12/2014 14:28,,Unsafe,,Safe,,,Safe,,,Safe,,,Safe,,,Safe,,,Safe,,,Safe,,,Safe,,,Safe,,,Safe,,,Safe,,,Safe,,,,,,,,,Safe,,,Safe,,,Safe,,,Safe,,,Safe,,,Safe,,,Safe,,,Safe,,,Safe,,,Safe,,,
3243729118,52541754,5/12/2014 14:09,5/12/2014 14:11,,,,,,,,,,,,,,Unsafe,,,Unsafe,,,,,,,,,,,,,,,,,,,,,,,,,,,,,,,,,,,,,,,,,,,,,,,,,,,,,,,,,,,
3243711040,52541754,5/12/2014 14:03,5/12/2014 14:09,,Unsafe,,,Unsafe,,,Unsafe,,,,I don't know.,,,I don't know.,,Unsafe,,,,I don't know.,Safe,,,,,,Safe,,,,,,,Unsafe,,Safe,,,,,I don't know.,,Unsafe,,,Unsafe,,,,I don't know.,,Unsafe,,,,,,Unsafe,,,Unsafe,,,,I don't know.,,,I don't know.,,,I don't know.,,Unsafe,,
3243708049,52541754,5/12/2014 14:02,5/12/2014 14:07,,Unsafe,,,Unsafe,,Safe,,,,Unsafe,,,Unsafe,,Safe,,,,Unsafe,,,Unsafe,,,Unsafe,,,Unsafe,,,Unsafe,,Safe,,,Safe,,,Safe,,,Safe,,,Safe,,,,Unsafe,,Safe,,,,Unsafe,,,Unsafe,,Safe,,,Safe,,,,Unsafe,,,Unsafe,,Safe,,,
3243679354,52541754,5/12/2014 13:52,5/12/2014 13:53,,Unsafe,,Safe,,,Safe,,,Safe,,,Safe,,,Safe,,,Safe,,,Safe,,,Safe,,,Safe,,,Safe,,,Safe,,,Safe,,,Safe,,,Safe,,,Safe,,,Safe,,,Safe,,,Safe,,,Safe,,,Safe,,,Safe,,,Safe,,,Safe,,,Safe,,,
3241297796,52541754,5/11/2014 7:36,5/11/2014 7:44,,,I don't know.,,,I don't know.,,,I don't know.,,,I don't know.,Safe,,,Safe,,,,Unsafe,,,,I don't know.,,,I don't know.,,Unsafe,,Safe,,,,Unsafe,,Safe,,,Safe,,,,Unsafe,,,,I don't know.,,,I don't know.,,,I don't know.,Safe,,,Safe,,,Safe,,,,Unsafe,,Safe,,,,,I don't know.,,,I don't know.,
3239295809,52541754,5/9/2014 14:15,5/9/2014 14:53,,Unsafe,,,,I don't know.,,Unsafe,,,,I don't know.,,,,,,I don't know.,,,I don't know.,,,I don't know.,,,I don't know.,Safe,,,Safe,,,Safe,,,,Unsafe,,,,I don't know.,,Unsafe,,,,I don't know.,Safe,,,Safe,,,Safe,,,Safe,,,Safe,,,Safe,,,Safe,,,,,I don't know.,Safe,,,
3238544192,52541754,5/9/2014 9:22,5/9/2014 9:59,,Unsafe,,Safe,,,,Unsafe,,Safe,,,,Unsafe,,Safe,,,Safe,,,,,I don't know.,,Unsafe,,Safe,,,Safe,,,,Unsafe,,Safe,,,Safe,,,,Unsafe,,,,I don't know.,Safe,,,Safe,,,Safe,,,Safe,,,,Unsafe,,,Unsafe,,,,I don't know.,,,I don't know.,,,I don't know.,
3238366364,52541754,5/9/2014 7:58,5/9/2014 8:48,,,I don't know.,,,I don't know.,,,I don't know.,,,I don't know.,,,I don't know.,Safe,,,,,I don't know.,Safe,,,,,I don't know.,Safe,,,Safe,,,,Unsafe,,Safe,,,Safe,,,,Unsafe,,Safe,,,Safe,,,Safe,,,Safe,,,Safe,,,Safe,,,,,I don't know.,Safe,,,,,I don't know.,,,I don't know.,
3238354953,52541754,5/9/2014 7:51,5/9/2014 8:07,,Unsafe,,,,I don't know.,,Unsafe,,Safe,,,Safe,,,Safe,,,,,,,Unsafe,,,,,Safe,,,Safe,,,Safe,,,,,I don't know.,Safe,,,Safe,,,,,I don't know.,,,I don't know.,,,I don't know.,Safe,,,Safe,,,Safe,,,Safe,,,Safe,,,Safe,,,,Unsafe,,
3237687311,52541754,5/8/2014 21:40,5/8/2014 21:47,,Unsafe,,,,I don't know.,,Unsafe,,,Unsafe,,,Unsafe,,Safe,,,,,I don't know.,,Unsafe,,,Unsafe,,,Unsafe,,,Unsafe,,Safe,,,Safe,,,Safe,,,,Unsafe,,,Unsafe,,,,I don't know.,,Unsafe,,Safe,,,Safe,,,Safe,,,,Unsafe,,,Unsafe,,Safe,,,,Unsafe,,
3236832268,52541754,5/8/2014 14:14,5/8/2014 14:38,,Unsafe,,Safe,,,,Unsafe,,,,,,Unsafe,,Safe,,,Safe,,,,Unsafe,,Safe,,,Safe,,,Safe,,,,Unsafe,,Safe,,,Safe,,,Safe,,,,Unsafe,,Safe,,,Safe,,,Safe,,,Safe,,,Safe,,,,Unsafe,,Safe,,,Safe,,,Safe,,,
3236787108,52541754,5/8/2014 13:59,5/8/2014 14:07,,,I don't know.,,,I don't know.,,,I don't know.,Safe,,,Safe,,,Safe,,,Safe,,,,Unsafe,,,Unsafe,,,Unsafe,,,Unsafe,,Safe,,,Safe,,,Safe,,,,Unsafe,,,,I don't know.,Safe,,,Safe,,,,Unsafe,,,Unsafe,,Safe,,,,Unsafe,,,,I don't know.,,,I don't know.,,,I don't know.,
3236733981,52541754,5/8/2014 13:40,5/8/2014 13:48,,Unsafe,,,Unsafe,,,Unsafe,,Safe,,,Safe,,,Safe,,,Safe,,,,,,,Unsafe,,,Unsafe,,Safe,,,Safe,,,Safe,,,,Unsafe,,,Unsafe,,,Unsafe,,Safe,,,Safe,,,Safe,,,Safe,,,Safe,,,Safe,,,Safe,,,Safe,,,Safe,,,
3236705258,52541754,5/8/2014 13:27,5/8/2014 13:41,,Unsafe,,Safe,,,Safe,,,,Unsafe,,,Unsafe,,Safe,,,,Unsafe,,Safe,,,Safe,,,Safe,,,,Unsafe,,,Unsafe,,Safe,,,Safe,,,Safe,,,Safe,,,Safe,,,Safe,,,Safe,,,Safe,,,,Unsafe,,,Unsafe,,Safe,,,Safe,,,Safe,,,
3236470247,52541754,5/8/2014 12:07,5/8/2014 12:35,,,I don't know.,,,I don't know.,,Unsafe,,,Unsafe,,Safe,,,Safe,,,,Unsafe,,Safe,,,,,I don't know.,,Unsafe,,Safe,,,Safe,,,,Unsafe,,Safe,Unsafe,,,Unsafe,,,,I don't know.,,Unsafe,,Safe,,,Safe,Unsafe,,Safe,,,Safe,,,Safe,,,Safe,,,,,I don't know.,,,I don't know.,
3236250642,52541754,5/8/2014 10:56,5/8/2014 11:00,,,I don't know.,,,I don't know.,,,I don't know.,,,I don't know.,,,I don't know.,,,I don't know.,,,I don't know.,,,I don't know.,,Unsafe,,,Unsafe,,,Unsafe,,,Unsafe,,,,I don't know.,,,I don't know.,,Unsafe,,,,I don't know.,,,,,,I don't know.,Safe,,,,Unsafe,,,,I don't know.,,Unsafe,,,Unsafe,,,,I don't know.,,,I don't know.,
3231485110,52541754,5/6/2014 14:41,5/6/2014 14:50,,,,,,,,,,,,,,,,,,,,,,,,,,,,,,,,,,,,,,,,,,,,,,,,,,,,,,,,,,,,,,,,,,,,,,,,,,,,
3231426689,52541754,5/6/2014 14:20,5/6/2014 14:32,,,I don't know.,,,I don't know.,,,I don't know.,,,I don't know.,Safe,,,Safe,,,Safe,,,Safe,,,Safe,,,,,,Safe,,,Safe,,,Safe,,,Safe,,,Safe,,,Safe,,,Safe,,,Safe,,,Safe,,,Safe,,,Safe,,,Safe,,,Safe,,,Safe,,,Safe,,,
3231283081,52541754,5/6/2014 13:29,5/6/2014 13:48,,Unsafe,,,Unsafe,,,Unsafe,,,Unsafe,,,Unsafe,,,Unsafe,,,Unsafe,,,Unsafe,,,Unsafe,,,Unsafe,,,Unsafe,,,Unsafe,,,Unsafe,,,Unsafe,,,Unsafe,,,Unsafe,,,Unsafe,,,Unsafe,,,Unsafe,,,Unsafe,,,Unsafe,,,Unsafe,,,Unsafe,,,Unsafe,,,Unsafe,,
3229431502,52541754,5/5/2014 18:24,5/5/2014 19:15,,,I don't know.,,,I don't know.,,,I don't know.,,,I don't know.,,,I don't know.,,,I don't know.,,,I don't know.,Safe,,,,Unsafe,,,Unsafe,,,Unsafe,,Safe,,,Safe,,,,Unsafe,,,Unsafe,,,,I don't know.,,,I don't know.,,,I don't know.,,,I don't know.,,,I don't know.,Safe,,,,,I don't know.,,,I don't know.,,,I don't know.,,,I don't know.,
3228996843,52541754,5/5/2014 15:04,5/5/2014 15:12,,,,,,,,,,,,,,,,,,,,,,,,,,,,,,,,,,,,,,,,,Unsafe,,,,,,,,,,,,,,,,,,,,,,,,,,,,,,,,,,,
3228992634,52541754,5/5/2014 15:03,5/5/2014 15:11,,Unsafe,,,,I don't know.,,,I don't know.,Safe,,,,Unsafe,,Safe,,,Safe,,,,Unsafe,,,Unsafe,,,Unsafe,,Safe,,,Safe,,,Safe,,,Safe,,,,Unsafe,,Safe,,,Safe,,,,,,Safe,,,Safe,,,Safe,,,Safe,,,Safe,,,Safe,,,Safe,,,
3228481372,52541754,5/5/2014 11:50,5/5/2014 12:26,,,I don't know.,,,I don't know.,,,I don't know.,,Unsafe,,Safe,,,Safe,,,Safe,,,,,I don't know.,,Unsafe,,,Unsafe,,,Unsafe,,,Unsafe,,Safe,,,Safe,,,,Unsafe,,Safe,,,Safe,,,Safe,,,Safe,,,Safe,,,Safe,,,Safe,,,Safe,,,Safe,,,,,I don't know.,
3228260894,52541754,5/5/2014 10:30,5/5/2014 10:34,,Unsafe,,,,I don't know.,,,I don't know.,,,I don't know.,,Unsafe,,Safe,,,,Unsafe,,,Unsafe,,,Unsafe,,Safe,,,,Unsafe,,,Unsafe,,Safe,,,,,,Safe,,,Safe,,,Safe,,,Safe,,,Safe,,,Safe,,,Safe,,,Safe,,,Safe,,,Safe,,,Safe,,,
3228086394,52541754,5/5/2014 9:19,5/5/2014 9:28,,Unsafe,,Safe,,,,Unsafe,,,Unsafe,,,Unsafe,,,Unsafe,,,Unsafe,,,Unsafe,,,Unsafe,,,Unsafe,,,Unsafe,,Safe,,,Safe,,,,Unsafe,,,Unsafe,,Safe,,,Safe,,,Safe,,,Safe,,,Safe,,,Safe,,,Safe,,,,Unsafe,,,,,,,,
3227969697,52541754,5/5/2014 8:20,5/5/2014 8:28,,Unsafe,,,,I don't know.,,Unsafe,,Safe,,,,Unsafe,,,Unsafe,,,Unsafe,,,Unsafe,,,Unsafe,,,Unsafe,,Safe,,,Safe,,,,Unsafe,,Safe,,,,Unsafe,,Safe,,,,Unsafe,,Safe,,,Safe,,,Safe,,,Safe,,,,Unsafe,,Safe,,,,,I don't know.,,,I don't know.,
3227858407,52541754,5/5/2014 6:43,5/5/2014 6:50,Safe,,,Safe,,,Safe,,,Safe,,,Safe,,,,Unsafe,,,Unsafe,,Safe,,,,Unsafe,,Safe,,,Safe,,,Safe,,,Safe,,,Safe,,,Safe,,,Safe,,,Safe,,,,,,Safe,,,,Unsafe,,Safe,,,,Unsafe,,Safe,,,Safe,,,,Unsafe,,
3226994444,52541754,5/4/2014 12:17,5/4/2014 13:30,,,I don't know.,,,I don't know.,,,I don't know.,Safe,,,,Unsafe,,Safe,,,Safe,,,Safe,,,Safe,Unsafe,,,Unsafe,,Safe,Unsafe,,,Unsafe,,,Unsafe,,Safe,,,Safe,,,,Unsafe,,,Unsafe,,Safe,,,,Unsafe,,Safe,,,Safe,,,,Unsafe,,Safe,,,,,I don't know.,,,I don't know.,
3226904037,52541754,5/4/2014 10:13,5/4/2014 10:32,,,,,,,,,,,,,,,,,,,,,,,,,,,,,,,,,,,,,,,,,,,,,,,,,,,,,,,,,,,,,,,,,,,,,,,,,,,,
3226325188,52541754,5/4/2014 1:45,5/4/2014 1:49,Safe,,,,,I don't know.,,Unsafe,,,Unsafe,,Safe,,,,Unsafe,,,Unsafe,,,Unsafe,,,Unsafe,,,Unsafe,,,Unsafe,,,Unsafe,,Safe,,,Safe,,,,Unsafe,,Safe,,,,,I don't know.,,Unsafe,,,Unsafe,,,Unsafe,,,,I don't know.,,Unsafe,,Safe,,,Safe,,,Safe,,,
3225741644,52541754,5/3/2014 20:47,5/3/2014 21:18,,,I don't know.,,,I don't know.,,,I don't know.,,,I don't know.,Safe,,,Safe,,,Safe,,,Safe,,,,,,,,,,Unsafe,,Safe,,,Safe,,,Safe,,,Safe,,,Safe,,,Safe,,,Safe,,,Safe,,,Safe,Unsafe,,Safe,,,Safe,,,Safe,,,Safe,,,,Unsafe,,
3225718200,52541754,5/3/2014 20:35,5/3/2014 21:12,,Unsafe,,,Unsafe,,,Unsafe,,,Unsafe,,,Unsafe,,Safe,,,Safe,,,,Unsafe,,,Unsafe,,Safe,,,Safe,,,,Unsafe,,Safe,,,Safe,,,,Unsafe,,,,I don't know.,,Unsafe,,,Unsafe,,,Unsafe,,,Unsafe,,,Unsafe,,,Unsafe,,,Unsafe,,Safe,,,,,I don't know.,
3225634245,52541754,5/3/2014 19:50,5/3/2014 20:30,,,I don't know.,,,I don't know.,,Unsafe,,,Unsafe,,,Unsafe,,,Unsafe,,,Unsafe,,,,,,Unsafe,,,Unsafe,,,Unsafe,,,Unsafe,,,Unsafe,,,Unsafe,,,Unsafe,,,Unsafe,,,Unsafe,,,Unsafe,,,Unsafe,,,Unsafe,,,Unsafe,,,,,,Unsafe,,,Unsafe,,,,I don't know.,
3225599010,52541754,5/3/2014 19:26,5/3/2014 19:56,,,I don't know.,,,I don't know.,,,I don't know.,,,I don't know.,,,I don't know.,Safe,,,,,I don't know.,Safe,,,Safe,,,,,,Safe,,,,,,,,,,,,,,,,,,,,,Safe,,,Safe,,,Safe,,,Safe,,,,,I don't know.,Safe,,,Safe,,,Safe,,,
3225429427,52541754,5/3/2014 17:57,5/3/2014 18:00,,Unsafe,,Safe,,,,Unsafe,,Safe,,,Safe,,,Safe,,,Safe,,,Safe,,,Safe,,,Safe,,,Safe,,,Safe,,,Safe,,,Safe,,,Safe,,,Safe,,,Safe,,,Safe,,,Safe,,,Safe,,,Safe,,,Safe,,,Safe,,,Safe,,,Safe,,,
3225268299,52541754,5/3/2014 16:35,5/3/2014 16:39,,Unsafe,,,,I don't know.,Safe,,,Safe,,,Safe,,,Safe,,,Safe,,,Safe,,,Safe,,,Safe,,,Safe,,,Safe,,,Safe,,,Safe,,,Safe,,,,,I don't know.,Safe,,,Safe,,,Safe,,,Safe,,,Safe,,,Safe,,,Safe,,,,,I don't know.,,,I don't know.,
3224989896,52541754,5/3/2014 14:15,5/3/2014 14:28,,Unsafe,,,Unsafe,,Safe,,,Safe,,,,,I don't know.,Safe,,,,Unsafe,,Safe,,,Safe,,,Safe,,,Safe,,,Safe,,,Safe,,,Safe,,,Safe,,,,Unsafe,,Safe,,,Safe,,,Safe,,,Safe,,,Safe,,,Safe,,,Safe,,,Safe,,,Safe,,,
3224875208,52541754,5/3/2014 13:18,5/3/2014 13:32,,Unsafe,,Safe,,,Safe,,,,,I don't know.,,,I don't know.,,Unsafe,,,,,,,I don't know.,,,I don't know.,Safe,,,Safe,,,,Unsafe,,Safe,,,,,I don't know.,,Unsafe,,,,I don't know.,,,I don't know.,,,I don't know.,,,I don't know.,,,I don't know.,,,I don't know.,,Unsafe,,,,I don't know.,,,I don't know.,,,I don't know.,
3224870634,52541754,5/3/2014 13:13,5/3/2014 13:30,,,I don't know.,Safe,,,,Unsafe,,,Unsafe,,Safe,,,Safe,,,Safe,,,,Unsafe,,,,I don't know.,Safe,,,Safe,,,Safe,,,,Unsafe,,Safe,,,Safe,,,,Unsafe,,Safe,,,Safe,,,Safe,,,Safe,,,Safe,,,Safe,,,,Unsafe,,Safe,,,Safe,,,
3224811129,52541754,5/3/2014 12:41,5/3/2014 13:01,,Unsafe,,,,I don't know.,,,I don't know.,,Unsafe,,,Unsafe,,,Unsafe,,,Unsafe,,,Unsafe,,Safe,,,Safe,,,Safe,,,Safe,,,Safe,,,Safe,,,Safe,,,,Unsafe,,,,I don't know.,Safe,,,Safe,,,Safe,,,Safe,,,Safe,,,Safe,,,Safe,,,Safe,,,
3224704570,52541754,5/3/2014 11:51,5/3/2014 11:57,,,I don't know.,,,I don't know.,,,I don't know.,,,I don't know.,,Unsafe,,,Unsafe,,,Unsafe,,,Unsafe,,,Unsafe,,,Unsafe,,,Unsafe,,,Unsafe,,,Unsafe,,,Unsafe,,,Unsafe,,,,I don't know.,,Unsafe,,,Unsafe,,,Unsafe,,,Unsafe,,,Unsafe,,,Unsafe,,,Unsafe,,,Unsafe,,,Unsafe,,
3224646415,52541754,5/3/2014 11:23,5/3/2014 11:27,Safe,,,Safe,,,Safe,,,,Unsafe,,,Unsafe,,,Unsafe,,,Unsafe,,,,I don't know.,,,I don't know.,Safe,,,Safe,,,Safe,,,,,I don't know.,,Unsafe,,,Unsafe,,,Unsafe,,Safe,,,Safe,,,Safe,,,Safe,,,Safe,,,Safe,,,Safe,,,Safe,,,Safe,,,
3224606717,52541754,5/3/2014 10:59,5/3/2014 11:24,,,I don't know.,,,I don't know.,,,I don't know.,,,I don't know.,,Unsafe,,,Unsafe,,,Unsafe,,,Unsafe,,Safe,,,,Unsafe,,Safe,,,Safe,,,,,I don't know.,Safe,,,Safe,,,,,I don't know.,,Unsafe,,Safe,,,Safe,,,,,I don't know.,Safe,,,Safe,,,,,I don't know.,,,I don't know.,,,I don't know.,
3224598902,52541754,5/3/2014 10:52,5/3/2014 11:08,,,I don't know.,,,I don't know.,,,I don't know.,Safe,,,Safe,,,Safe,,,Safe,,,Safe,,,,Unsafe,,Safe,,,Safe,,,Safe,,,,Unsafe,,Safe,,,Safe,,,,Unsafe,,Safe,,,Safe,,,Safe,,,Safe,,,Safe,,,Safe,,,Safe,,,,,I don't know.,,,I don't know.,
3224582992,52541754,5/3/2014 10:42,5/3/2014 11:30,,,I don't know.,,,I don't know.,,,I don't know.,,,I don't know.,,,I don't know.,Safe,,,Safe,,,Safe,,,,,I don't know.,,Unsafe,,Safe,,,,Unsafe,,Safe,,,Safe,,,Safe,,,,,I don't know.,Safe,,,Safe,,,Safe,,,,Unsafe,,Safe,,,,Unsafe,,,,I don't know.,,,I don't know.,,,I don't know.,
3224569955,52541754,5/3/2014 10:31,5/3/2014 10:33,,,I don't know.,,,I don't know.,,Unsafe,,,Unsafe,,,Unsafe,,,Unsafe,,,Unsafe,,,Unsafe,,,Unsafe,,,Unsafe,,,Unsafe,,,Unsafe,,,Unsafe,,,Unsafe,,,Unsafe,,,Unsafe,,,Unsafe,,,Unsafe,,,Unsafe,,,Unsafe,,,Unsafe,,,Unsafe,,,Unsafe,,,Unsafe,,,Unsafe,,
3224547903,52541754,5/3/2014 10:09,5/3/2014 10:18,,Unsafe,,,Unsafe,,,Unsafe,,,,I don't know.,,Unsafe,,,Unsafe,,,Unsafe,,,Unsafe,,,Unsafe,,,Unsafe,,,Unsafe,,,Unsafe,,,,I don't know.,,,I don't know.,,Unsafe,,,,I don't know.,,Unsafe,,,Unsafe,,,Unsafe,,,Unsafe,,,Unsafe,,,Unsafe,,,,I don't know.,,,I don't know.,,,I don't know.,
3224546247,52541754,5/3/2014 10:08,5/3/2014 10:17,,Unsafe,,,Unsafe,,,Unsafe,,,,I don't know.,Safe,,,Safe,,,Safe,,,Safe,,,Safe,,,Safe,,,Safe,,,Safe,,,Safe,,,Safe,,,Safe,,,Safe,,,Safe,,,Safe,,,Safe,,,Safe,,,Safe,,,Safe,,,Safe,,,Safe,,,Safe,,,
3224546221,52541754,5/3/2014 10:05,5/3/2014 10:45,,Unsafe,,Safe,,,Safe,,,,Unsafe,,,Unsafe,,,Unsafe,,,Unsafe,,,Unsafe,,,Unsafe,,,Unsafe,,,Unsafe,,,Unsafe,,,Unsafe,,,Unsafe,,,Unsafe,,,,I don't know.,,Unsafe,,Safe,,,Safe,,,Safe,,,,Unsafe,,,Unsafe,,Safe,,,Safe,,,,,I don't know.,
3224542483,52541754,5/3/2014 10:03,5/3/2014 10:09,,Unsafe,,,,I don't know.,,Unsafe,,Safe,,I don't know.,Safe,,,,Unsafe,,Safe,,,,Unsafe,,,,I don't know.,Safe,,,Safe,,,Safe,Unsafe,,Safe,,,Safe,,,Safe,,,,,I don't know.,,Unsafe,,,Unsafe,,,,I don't know.,,,I don't know.,Safe,,,,Unsafe,,,,,,,I don't know.,,,I don't know.,
3224529983,52541754,5/3/2014 9:50,5/3/2014 10:08,,Unsafe,,Safe,,,Safe,,,,Unsafe,,,Unsafe,,,Unsafe,,,Unsafe,,Safe,,,,,I don't know.,,,I don't know.,,,I don't know.,,,I don't know.,,,I don't know.,,,I don't know.,,Unsafe,,,,I don't know.,Safe,,,Safe,,,Safe,,,Safe,,,Safe,,,Safe,,,Safe,,,,,,Safe,,,
3224528683,52541754,5/3/2014 9:48,5/3/2014 10:01,,Unsafe,,,Unsafe,,Safe,,,,Unsafe,,,Unsafe,,Safe,,,Safe,,,,Unsafe,,,Unsafe,,,Unsafe,,,Unsafe,,,Unsafe,,Safe,,,,Unsafe,,,Unsafe,,,,I don't know.,,Unsafe,,,Unsafe,,,Unsafe,,Safe,,,Safe,,,,Unsafe,,Safe,,,Safe,,,,Unsafe,,
3224520770,52541754,5/3/2014 9:39,5/3/2014 9:50,,,I don't know.,,,I don't know.,,,I don't know.,,Unsafe,,,Unsafe,,,Unsafe,,,Unsafe,,,,I don't know.,,Unsafe,,,Unsafe,,,,I don't know.,,Unsafe,,,Unsafe,,,,I don't know.,,Unsafe,,,,I don't know.,Safe,,,Safe,,,,Unsafe,,,Unsafe,,,Unsafe,,,Unsafe,,,,I don't know.,,,I don't know.,,,I don't know.,
3224516192,52541754,5/3/2014 9:34,5/3/2014 9:43,,,I don't know.,,,I don't know.,,,I don't know.,,,I don't know.,,Unsafe,,,Unsafe,,,,I don't know.,,Unsafe,,,Unsafe,,,Unsafe,,Safe,,,,Unsafe,,,Unsafe,,,Unsafe,,,Unsafe,,,,I don't know.,,Unsafe,,,Unsafe,,,Unsafe,,,Unsafe,,,Unsafe,,,Unsafe,,,Unsafe,,,Unsafe,,,,I don't know.,
3224490099,52541754,5/3/2014 9:03,5/3/2014 9:12,Safe,,,Safe,,,,,I don't know.,Safe,,,Safe,,,,Unsafe,,,Unsafe,,,,I don't know.,Safe,,,Safe,,,,,I don't know.,Safe,,,Safe,,,Safe,,,Safe,,,,Unsafe,,Safe,,,Safe,,,Safe,,,Safe,,,Safe,,,Safe,,,,,I don't know.,,,I don't know.,,,I don't know.,
3224474028,52541754,5/3/2014 8:43,5/3/2014 9:02,,Unsafe,,,Unsafe,,Safe,,,Safe,,,,Unsafe,,,Unsafe,,Safe,,,Safe,,,,Unsafe,,Safe,,,Safe,,,Safe,,,Safe,,,Safe,,,,Unsafe,,Safe,,,Safe,,,Safe,,,,Unsafe,,,Unsafe,,Safe,,,Safe,,,Safe,,,Safe,,,Safe,,,
3224459695,52541754,5/3/2014 8:25,5/3/2014 8:28,,,I don't know.,,,I don't know.,,,I don't know.,,,I don't know.,,Unsafe,,,Unsafe,,,Unsafe,,,,I don't know.,,Unsafe,,,Unsafe,,,Unsafe,,,Unsafe,,,Unsafe,,Safe,,,,Unsafe,,,,I don't know.,,Unsafe,,,Unsafe,,Safe,,,Safe,,,Safe,,,,Unsafe,,Safe,,,Safe,,,Safe,,,
3224453264,52541754,5/3/2014 8:17,5/3/2014 8:27,Safe,,,Safe,,,,Unsafe,,,Unsafe,,,Unsafe,,Safe,,,Safe,,,Safe,,,Safe,,,Safe,,,Safe,,,,Unsafe,,Safe,,,Safe,,,,Unsafe,,Safe,,,Safe,,,Safe,,,Safe,,,Safe,,,Safe,,,Safe,,,Safe,,,Safe,,,Safe,,,
3224446848,52541754,5/3/2014 8:08,5/3/2014 8:22,,,I don't know.,,,I don't know.,,,,,,,,,,,,,,,,,,,,,,,,,,,,,,,,,,,,,,,,,,,,,,,,,,,,,,,,,,,,,,,,,,,,,,
3224444268,52541754,5/3/2014 8:04,5/6/2014 8:14,,,I don't know.,,,I don't know.,,,I don't know.,,,I don't know.,,Unsafe,,,Unsafe,,,Unsafe,,,Unsafe,,,Unsafe,,,Unsafe,,,Unsafe,,,Unsafe,,,Unsafe,,,Unsafe,,,Unsafe,,,,I don't know.,,Unsafe,,,Unsafe,,,Unsafe,,,Unsafe,,,Unsafe,,,Unsafe,,,Unsafe,,Safe,,,,Unsafe,,
3224442004,52541754,5/3/2014 8:01,5/3/2014 8:07,Safe,,,,,I don't know.,,Unsafe,,,Unsafe,,Safe,,,Safe,,,,,I don't know.,Safe,,,,,,,Unsafe,,Safe,,,Safe,,,,Unsafe,,Safe,,,Safe,,,,,I don't know.,Safe,,,Safe,,,Safe,,,Safe,,,Safe,,,Safe,,,Safe,,,Safe,,,,,I don't know.,
3224413207,52541754,5/3/2014 7:20,5/3/2014 7:25,Safe,,,,Unsafe,,Safe,,,Safe,,,,Unsafe,,,Unsafe,,,Unsafe,,Safe,,,Safe,,,Safe,,,Safe,,,Safe,,,Safe,,,Safe,,,Safe,,,Safe,,,Safe,,,Safe,,,Safe,,,Safe,,,Safe,,,,,,Safe,,,Safe,,,Safe,,,
3224404345,52541754,5/3/2014 7:06,5/3/2014 7:15,,,I don't know.,,,I don't know.,,,I don't know.,Safe,,,Safe,,,Safe,,,Safe,,,Safe,,,,,,Safe,,,Safe,,,Safe,,,Safe,,,Safe,,,Safe,,,Safe,,,Safe,,,Safe,,,Safe,,,Safe,,,Safe,,,Safe,,,Safe,,,Safe,,,Safe,,,
3224403579,52541754,5/3/2014 7:05,5/3/2014 7:26,Safe,,,Safe,,,Safe,,,Safe,,,Safe,,,Safe,,,Safe,,,,Unsafe,,,Unsafe,,,Unsafe,,Safe,,,Safe,,,Safe,,,,Unsafe,,Safe,,,Safe,,,Safe,,,Safe,,,Safe,,,Safe,,,Safe,,,Safe,,,Safe,,,Safe,,,Safe,,,
3224402069,52541754,5/3/2014 7:02,5/3/2014 7:15,,Unsafe,,Safe,,,Safe,,,Safe,,,Safe,,,Safe,,,Safe,,,,Unsafe,,,Unsafe,,,Unsafe,,,Unsafe,,Safe,,,Safe,,,Safe,,,,Unsafe,,Safe,,,,Unsafe,,Safe,,,Safe,,,Safe,,,Safe,,,Safe,,,Safe,,,Safe,,,Safe,,,
3224400604,52541754,5/3/2014 7:00,5/3/2014 7:04,,Unsafe,,Safe,,,,Unsafe,,,Unsafe,,Safe,,,,Unsafe,,,Unsafe,,,Unsafe,,,Unsafe,,,Unsafe,,,Unsafe,,,Unsafe,,Safe,,,Safe,,,,Unsafe,,Safe,,,Safe,,,Safe,,,,Unsafe,,Safe,,,Safe,,,Safe,,,Safe,,,Safe,,,Safe,,,
3224389949,52541754,5/3/2014 6:42,5/3/2014 6:48,,Unsafe,,,Unsafe,,,Unsafe,,,Unsafe,,,Unsafe,,,Unsafe,,,Unsafe,,Safe,,,Safe,,,Safe,,,Safe,,,Safe,,,Safe,,,Safe,,,Safe,,,,Unsafe,,,Unsafe,,Safe,,,Safe,,,Safe,,,Safe,,,Safe,,,Safe,,,Safe,,,Safe,,,
3224384836,52541754,5/3/2014 6:34,5/3/2014 6:40,,Unsafe,,,,I don't know.,,,I don't know.,,Unsafe,,,Unsafe,,,Unsafe,,,Unsafe,,,Unsafe,,Safe,,,Safe,,,Safe,,,,Unsafe,,Safe,,,,Unsafe,,,Unsafe,,Safe,,,Safe,,,Safe,,,,Unsafe,,,Unsafe,,,,,,Unsafe,,,Unsafe,,Safe,,,Safe,,,
3224384395,52541754,5/3/2014 6:33,5/3/2014 6:44,,Unsafe,,Safe,,,,Unsafe,,Safe,,,Safe,,,Safe,,,Safe,,,,Unsafe,,Safe,,,Safe,,,Safe,,,,Unsafe,,Safe,,,Safe,,,Safe,,,,Unsafe,,,Unsafe,,Safe,,,Safe,,,Safe,,,Safe,,,,Unsafe,,Safe,,,Safe,,,Safe,,,
3224383665,52541754,5/3/2014 6:32,5/3/2014 6:41,Safe,,,Safe,,,Safe,,,Safe,,,Safe,,,Safe,,,Safe,,,,Unsafe,,Safe,,,Safe,,,Safe,,,Safe,,,Safe,,,,Unsafe,,Safe,,,Safe,,,Safe,,,Safe,,,Safe,,,Safe,,,Safe,,,Safe,,,,Unsafe,,,Unsafe,,,Unsafe,,
3224185274,52541754,5/3/2014 0:14,5/3/2014 0:17,,Unsafe,,,Unsafe,,,Unsafe,,,Unsafe,,Safe,,,Safe,,,Safe,,,,Unsafe,,,Unsafe,,,Unsafe,,,Unsafe,,,Unsafe,,Safe,,,Safe,,,,Unsafe,,,Unsafe,,,Unsafe,,,Unsafe,,,Unsafe,,,Unsafe,,Safe,,,Safe,,,,Unsafe,,,Unsafe,,,Unsafe,,
3224078257,52541754,5/2/2014 21:55,5/2/2014 22:17,,,I don't know.,,,I don't know.,,,I don't know.,,,I don't know.,Safe,,,Safe,,,Safe,,,Safe,,,Safe,,,Safe,,,Safe,,,Safe,,,,,I don't know.,Safe,,,Safe,,,,,I don't know.,Safe,,,Safe,,,Safe,,,Safe,,,Safe,,,Safe,,,Safe,,,,,I don't know.,,,I don't know.,
3224017989,52541754,5/2/2014 20:53,5/2/2014 20:58,,,I don't know.,,,I don't know.,,,I don't know.,,,I don't know.,,Unsafe,,,Unsafe,,,,I don't know.,Safe,,,Safe,,,Safe,,,Safe,,,Safe,,,,,I don't know.,Safe,,,,Unsafe,,,,I don't know.,,,I don't know.,Safe,,,Safe,,,Safe,,,Safe,,,Safe,,,Safe,,,Safe,,,,,I don't know.,
3223982986,52541754,5/2/2014 20:23,5/2/2014 20:30,,,I don't know.,,,I don't know.,,,I don't know.,,,I don't know.,,,I don't know.,,,I don't know.,Safe,,,Safe,,,,,I don't know.,Safe,,,Safe,,,Safe,,,Safe,,,Safe,,,Safe,,,,,I don't know.,Safe,,,Safe,,,Safe,,,Safe,,,Safe,,,Safe,,,Safe,,,Safe,,,Safe,,,
3223948440,52541754,5/2/2014 19:54,5/2/2014 20:03,,Unsafe,,,Unsafe,,,Unsafe,,Safe,,,Safe,,,,Unsafe,,,,I don't know.,,Unsafe,,,Unsafe,,,Unsafe,,,Unsafe,,Safe,,,Safe,,,Safe,,,,Unsafe,,,Unsafe,,Safe,,,,Unsafe,,Safe,,,Safe,,,,Unsafe,,Safe,,,Safe,,,Safe,,,Safe,,,
3223795428,52541754,5/2/2014 17:59,5/2/2014 18:06,,Unsafe,,Safe,,,,Unsafe,,,Unsafe,,,Unsafe,,Safe,,,Safe,,,,Unsafe,,Safe,,,Safe,,,,Unsafe,,Safe,,,,Unsafe,,,Unsafe,,Safe,,,,Unsafe,,,Unsafe,,Safe,,,Safe,,,Safe,,,,Unsafe,,Safe,,,,Unsafe,,,Unsafe,,Safe,,,
3223661354,52541754,5/2/2014 16:41,5/2/2014 16:43,Safe,,,Safe,,,Safe,,,,Unsafe,,,Unsafe,,,Unsafe,,Safe,,,Safe,,,Safe,,,Safe,,,Safe,,,Safe,,,Safe,,,Safe,,,,Unsafe,,,Unsafe,,Safe,,,Safe,,,Safe,,,Safe,,,Safe,,,Safe,,,Safe,,,Safe,,,Safe,,,
3223621254,52541754,5/2/2014 16:20,5/2/2014 16:35,,,I don't know.,,,I don't know.,,Unsafe,,,Unsafe,,,Unsafe,,,Unsafe,,,Unsafe,,,Unsafe,,,Unsafe,,,Unsafe,,,Unsafe,,,Unsafe,,,Unsafe,,,Unsafe,,,Unsafe,,,,I don't know.,,Unsafe,,,Unsafe,,,Unsafe,,,Unsafe,,,Unsafe,,,Unsafe,,,,I don't know.,,,I don't know.,,,I don't know.,
3223440013,52541754,5/2/2014 14:56,5/2/2014 15:03,,Unsafe,,Safe,,,,Unsafe,,Safe,,,Safe,,,Safe,,,Safe,,,Safe,,,Safe,,,Safe,,,Safe,,,Safe,,,Safe,,,Safe,,,,Unsafe,,Safe,,,Safe,,,Safe,,,Safe,,,Safe,,,Safe,,,Safe,,,,Unsafe,,Safe,,,Safe,,,
3223398817,52541754,5/2/2014 14:37,5/2/2014 14:40,,Unsafe,,,Unsafe,,Safe,,,Safe,,,,Unsafe,,Safe,,,,Unsafe,,Safe,,,,Unsafe,,Safe,,,,Unsafe,,Safe,,,Safe,,,Safe,,,Safe,,,,Unsafe,,Safe,,,Safe,,,Safe,,,Safe,,,Safe,,,Safe,,,Safe,,,Safe,,,,Unsafe,,
3223353664,52541754,5/2/2014 14:17,5/2/2014 14:23,,Unsafe,,,,I don't know.,Safe,,,Safe,,,Safe,,,Safe,,,Safe,,,Safe,,,,Unsafe,,Safe,,,Safe,,,Safe,,,Safe,,,Safe,,,Safe,,,Safe,,,Safe,,,Safe,,,Safe,,,Safe,,,Safe,,,Safe,,,Safe,,,Safe,,,Safe,,,
3223341591,52541754,5/2/2014 14:12,5/2/2014 14:34,,,I don't know.,,,I don't know.,,,I don't know.,,,I don't know.,,Unsafe,,Safe,,,,Unsafe,,,Unsafe,,,Unsafe,,Safe,,,Safe,,,Safe,,,Safe,,,Safe,,,Safe,,,,,I don't know.,Safe,,,Safe,,,Safe,,,Safe,,,,Unsafe,,Safe,,,Safe,,,Safe,,,Safe,,,
3223329234,52541754,5/2/2014 14:07,5/2/2014 14:27,,Unsafe,,Safe,,,Safe,,,Safe,,,,Unsafe,,Safe,,,Safe,,,Safe,,,,Unsafe,,Safe,,,Safe,,,Safe,,,Safe,,,Safe,,,Safe,,,Safe,,,Safe,,,Safe,,,Safe,,,Safe,,,Safe,,,Safe,,,Safe,,,Safe,,,Safe,,,
3223284922,52541754,5/2/2014 13:48,5/2/2014 13:52,,Unsafe,,Safe,,,,Unsafe,,,Unsafe,,,Unsafe,,Safe,,,,Unsafe,,,Unsafe,,,Unsafe,,,Unsafe,,Safe,,,Safe,,,,Unsafe,,,Unsafe,,Safe,,,,Unsafe,,,Unsafe,,Safe,,,Safe,,,Safe,,,Safe,,,Safe,,,Safe,,,Safe,,,Safe,,,
3223240571,52541754,5/2/2014 13:29,5/2/2014 13:35,,Unsafe,,,,I don't know.,,Unsafe,,Safe,,,Safe,,,Safe,,,,Unsafe,,Safe,,,Safe,,,Safe,,,Safe,,,Safe,,,Safe,,,Safe,,,Safe,,,Safe,,,,Unsafe,,Safe,,,Safe,,,Safe,,,Safe,,,Safe,,,Safe,,,Safe,,,Safe,,,
3223222662,52541754,5/2/2014 13:21,5/2/2014 13:28,,Unsafe,,Safe,,,,Unsafe,,,Unsafe,,Safe,,,Safe,,,Safe,,,,Unsafe,,Safe,,,Safe,,,Safe,,,Safe,,,Safe,,,Safe,,,Safe,,,,Unsafe,,,,I don't know.,Safe,,,Safe,,,Safe,,,,Unsafe,,Safe,,,Safe,,,Safe,,,Safe,,,
3223181423,52541754,5/2/2014 13:05,5/2/2014 13:09,,Unsafe,,,Unsafe,,,Unsafe,,,Unsafe,,Safe,,,,Unsafe,,Safe,,,Safe,,,,Unsafe,,,Unsafe,,Safe,,,Safe,,,Safe,,,Safe,,,,Unsafe,,Safe,,,Safe,,,,Unsafe,,,Unsafe,,,Unsafe,,,Unsafe,,,Unsafe,,Safe,,,Safe,,,Safe,,,
3223156347,52541754,5/2/2014 12:55,5/2/2014 13:07,Safe,,,Safe,,,,Unsafe,,,Unsafe,,,Unsafe,,Safe,,,Safe,,,Safe,,,Safe,,,Safe,,,Safe,,,Safe,,,Safe,,,,Unsafe,,Safe,,,,,I don't know.,,,I don't know.,Safe,,,Safe,,,Safe,,,Safe,,,,Unsafe,,Safe,,,,,I don't know.,,,I don't know.,
3223123893,52541754,5/2/2014 12:41,5/2/2014 12:50,,,I don't know.,,,I don't know.,,,I don't know.,Safe,,,Safe,,,Safe,,,Safe,,,Safe,,,,,I don't know.,Safe,,,Safe,,,Safe,,,Safe,,,Safe,,,Safe,,,,,I don't know.,Safe,,,Safe,,,Safe,,,Safe,,,Safe,,,Safe,,,Safe,,,Safe,,,Safe,,,
3223119129,52541754,5/2/2014 12:40,5/2/2014 13:06,,,I don't know.,,Unsafe,,,Unsafe,,Safe,,,Safe,,,Safe,,,Safe,,,Safe,,,Safe,,,Safe,,,Safe,,,Safe,,,Safe,,,Safe,,,Safe,,,Safe,,,Safe,,,Safe,,,Safe,,,Safe,,,Safe,,,Safe,,,Safe,,,Safe,,,Safe,,,
3223118260,52541754,5/2/2014 12:39,5/2/2014 12:42,,,,,,,,,,,,,,,,,,,,,,,,,,,,,,,,,,,,,,,,,,,,,,,,,,,,,,,,,,,,,,,,,,,,,,,,,,,,
3223115587,52541754,5/2/2014 12:38,5/2/2014 12:53,,,I don't know.,,,I don't know.,,Unsafe,,,Unsafe,,,Unsafe,,Safe,,,,Unsafe,,,,I don't know.,,,I don't know.,,,I don't know.,,,I don't know.,,,I don't know.,,,I don't know.,,,I don't know.,,,I don't know.,,,I don't know.,,,I don't know.,,,I don't know.,,,I don't know.,,,I don't know.,,,I don't know.,,,I don't know.,,,I don't know.,,,I don't know.,,,I don't know.,
3223048374,52541754,5/2/2014 12:12,5/2/2014 12:14,,Unsafe,,Safe,,,,Unsafe,,,,I don't know.,,Unsafe,,Safe,,,Safe,,,Safe,,,Safe,,,Safe,,,Safe,,,Safe,,,,,I don't know.,Safe,,,Safe,,,,Unsafe,,Safe,,,Safe,,,Safe,,,Safe,,,Safe,,,Safe,,,Safe,,,Safe,,,Safe,,,
3223043391,52541754,5/2/2014 12:10,5/2/2014 12:28,,,I don't know.,,,I don't know.,,,I don't know.,,,I don't know.,,,I don't know.,,Unsafe,,,Unsafe,,,,I don't know.,,,I don't know.,Safe,,,Safe,,,Safe,,,,,I don't know.,,,I don't know.,Safe,,I don't know.,,,I don't know.,Safe,,,,Unsafe,,Safe,,,Safe,,,,Unsafe,,Safe,,,Safe,,,,,I don't know.,,,I don't know.,
3223036282,52541754,5/2/2014 12:07,5/2/2014 12:18,,Unsafe,,,Unsafe,,,Unsafe,,,Unsafe,,,Unsafe,,,Unsafe,,,Unsafe,,,Unsafe,,,Unsafe,,,Unsafe,,,Unsafe,,Safe,,,Safe,,,,Unsafe,,Safe,,,,Unsafe,,Safe,,,Safe,,,Safe,,,Safe,,,,Unsafe,,Safe,,,Safe,,,,Unsafe,,Safe,,,
3223030228,52541754,5/2/2014 12:05,5/2/2014 12:08,,,I don't know.,,,I don't know.,,,I don't know.,,,I don't know.,,,I don't know.,Safe,,,Safe,,,Safe,,,Safe,,,,Unsafe,,Safe,,,,Unsafe,,Safe,,,,,I don't know.,Safe,,,Safe,,,Safe,,,Safe,,,Safe,,,Safe,,,Safe,,,,Unsafe,,Safe,,,,,I don't know.,,,I don't know.,
3223005050,52541754,5/2/2014 11:56,5/2/2014 11:59,,Unsafe,,,,I don't know.,,,I don't know.,,Unsafe,,,Unsafe,,Safe,,,Safe,,,Safe,,,Safe,,,Safe,,,Safe,,,Safe,,,Safe,,,Safe,,,Safe,,,,Unsafe,,,Unsafe,,Safe,,,Safe,,,Safe,,,Safe,,,Safe,,,Safe,,,,Unsafe,,,Unsafe,,
3222965081,52541754,5/2/2014 11:41,5/2/2014 11:49,,,I don't know.,,,I don't know.,,,I don't know.,Safe,,,,Unsafe,,Safe,,,,Unsafe,,Safe,,,,Unsafe,,,Unsafe,,,Unsafe,,Safe,,,Safe,,,,Unsafe,,Safe,,,,Unsafe,,,,,Safe,,,Safe,,,Safe,,,,Unsafe,,Safe,,,,,I don't know.,Safe,,,,,I don't know.,
3222957189,52541754,5/2/2014 11:38,5/2/2014 11:54,,,I don't know.,,,I don't know.,,,I don't know.,Safe,,,,Unsafe,,,Unsafe,,Safe,,,,Unsafe,,,Unsafe,,,Unsafe,,Safe,,,,Unsafe,,Safe,,,Safe,,,,Unsafe,,Safe,,,Safe,,,,Unsafe,,Safe,,,Safe,,,Safe,,,Safe,,,Safe,,,Safe,,,,Unsafe,,
3222933641,52541754,5/2/2014 11:30,5/2/2014 11:35,,Unsafe,,,Unsafe,,,Unsafe,,Safe,,,Safe,,,,Unsafe,,Safe,,,Safe,,,Safe,,,,Unsafe,,,Unsafe,,Safe,,,Safe,,,Safe,,,,Unsafe,,,,I don't know.,Safe,,,Safe,,,Safe,,,Safe,,,Safe,,,,Unsafe,,Safe,,,Safe,,,Safe,,,
3222897544,52541754,5/2/2014 11:18,5/2/2014 11:55,,,I don't know.,,,I don't know.,,,I don't know.,,Unsafe,,,,I don't know.,,,I don't know.,,,I don't know.,,,I don't know.,,,I don't know.,,,I don't know.,,,I don't know.,,,I don't know.,,,I don't know.,,,I don't know.,,,I don't know.,,,I don't know.,,,I don't know.,,,I don't know.,,,I don't know.,,,I don't know.,,,I don't know.,,,I don't know.,,,I don't know.,,,I don't know.,,,I don't know.,
3222888165,52541754,5/2/2014 11:15,5/2/2014 11:16,,Unsafe,,,Unsafe,,Safe,,,Safe,,,Safe,,,Safe,,,Safe,,,Safe,,,Safe,,,Safe,,,Safe,,,Safe,,,Safe,,,Safe,,,Safe,,,Safe,,,Safe,,,Safe,,,Safe,,,Safe,,,Safe,,,Safe,,,Safe,,,Safe,,,Safe,,,
3222887925,52541754,5/2/2014 11:15,5/2/2014 11:19,,,I don't know.,,,I don't know.,,,I don't know.,,,I don't know.,,Unsafe,,Safe,,,Safe,,,Safe,,,,Unsafe,,Safe,,,Safe,,,Safe,,,Safe,,,,Unsafe,,,Unsafe,,,,I don't know.,,,I don't know.,Safe,,,Safe,,,,,,Safe,,,Safe,,,Safe,,,Safe,,,Safe,,,
3222856542,52541754,5/2/2014 11:04,5/2/2014 11:14,,,I don't know.,,,I don't know.,,,I don't know.,,,I don't know.,Safe,,,Safe,,,,Unsafe,,,Unsafe,,,,I don't know.,Safe,,,Safe,,,Safe,,,Safe,,,Safe,,,,Unsafe,,,,I don't know.,Safe,,,Safe,,,Safe,,,Safe,,,Safe,,,Safe,,,,,I don't know.,,,I don't know.,,,I don't know.,
3222853250,52541754,5/2/2014 11:03,5/2/2014 12:07,,Unsafe,,Safe,,,,Unsafe,,,Unsafe,,,Unsafe,,Safe,,,,Unsafe,,,Unsafe,,,Unsafe,,,Unsafe,,Safe,,,,Unsafe,,Safe,,,Safe,,,Safe,,,,Unsafe,,Safe,,,Safe,,,,Unsafe,,Safe,,,Safe,,,,Unsafe,,,Unsafe,,Safe,,,,Unsafe,,
3222820909,52541754,5/2/2014 10:52,5/2/2014 11:37,,Unsafe,,,Unsafe,,,Unsafe,,,Unsafe,,,Unsafe,,Safe,,,Safe,,,Safe,,,Safe,,,,Unsafe,,Safe,,,,Unsafe,,Safe,,,Safe,,,Safe,,,Safe,,,,Unsafe,,,Unsafe,,,Unsafe,,,Unsafe,,Safe,,,,Unsafe,,Safe,,,Safe,,,,Unsafe,,
3222808771,52541754,5/2/2014 10:48,5/2/2014 11:42,,,I don't know.,,,I don't know.,,,I don't know.,,,I don't know.,,Unsafe,,Safe,,,,,I don't know.,,,I don't know.,Safe,,,Safe,,,Safe,,,Safe,,,,,I don't know.,,,I don't know.,Safe,,,,,I don't know.,,,I don't know.,,,I don't know.,Safe,,,Safe,,,,,I don't know.,,Unsafe,,,,I don't know.,,,I don't know.,,,I don't know.,
3222806013,52541754,5/2/2014 10:47,5/2/2014 10:49,,Unsafe,,,,I don't know.,,Unsafe,,,Unsafe,,,Unsafe,,,,I don't know.,,,I don't know.,,Unsafe,,,Unsafe,,,Unsafe,,,Unsafe,,,Unsafe,,,Unsafe,,,,I don't know.,,Unsafe,,,,I don't know.,,,I don't know.,,,I don't know.,,,I don't know.,,,I don't know.,,Unsafe,,,Unsafe,,,Unsafe,,,Unsafe,,,,I don't know.,
3222805173,52541754,5/2/2014 10:47,5/2/2014 10:53,,,I don't know.,,,I don't know.,,,I don't know.,Safe,,,Safe,,,,Unsafe,,Safe,,,Safe,,,Safe,,,Safe,,,Safe,,,Safe,,,Safe,,,Safe,,,Safe,,,,,I don't know.,Safe,,,Safe,,,Safe,,,Safe,,,Safe,,,Safe,,,Safe,,,Safe,,,Safe,,,
3222778165,52541754,5/2/2014 10:38,5/2/2014 10:46,,Unsafe,,,,I don't know.,,Unsafe,,Safe,,,Safe,,,Safe,,,Safe,,,Safe,,,,,I don't know.,Safe,,,Safe,,,Safe,,,Safe,,,Safe,,,Safe,,,Safe,,,Safe,,,Safe,,,Safe,,,Safe,,,Safe,,,Safe,,,Safe,,,Safe,,,Safe,,,
3222775771,52541754,5/2/2014 10:37,5/2/2014 10:40,,Unsafe,,,Unsafe,,,Unsafe,,,Unsafe,,,Unsafe,,Safe,,,Safe,,,Safe,,,,Unsafe,,,Unsafe,,,Unsafe,,Safe,,,Safe,,,Safe,,,,Unsafe,,Safe,,,,Unsafe,,Safe,,,Safe,,,Safe,,,Safe,,,,Unsafe,,,,I don't know.,Safe,,,Safe,,,
3222759886,52541754,5/2/2014 10:31,5/2/2014 10:38,,,I don't know.,,,I don't know.,,Unsafe,,,Unsafe,,,Unsafe,,,Unsafe,,,Unsafe,,,,I don't know.,,Unsafe,,,Unsafe,,,Unsafe,,,Unsafe,,,Unsafe,,,Unsafe,,,Unsafe,,,Unsafe,,Safe,,,Safe,,,Safe,,,Safe,,,Safe,,,,Unsafe,,Safe,,,,,I don't know.,,,I don't know.,
3222731935,52541754,5/2/2014 10:22,5/2/2014 10:34,,,I don't know.,,,I don't know.,,,I don't know.,Safe,,,,Unsafe,,Safe,,,,Unsafe,,,Unsafe,,,Unsafe,,Safe,,,,Unsafe,,,Unsafe,,,Unsafe,,Safe,,,,Unsafe,,,,I don't know.,,Unsafe,,Safe,,,Safe,,,Safe,,,Safe,,,,Unsafe,,,Unsafe,,,Unsafe,,Safe,,,
3216228083,52541754,4/29/2014 16:56,5/15/2014 13:13,,,,,,,,,,,,,,,,,,,,,,,,,,,,,,,,,,,,,,,,,,,,,,,,,,,,,,,,,,,,,,,,,,,,,,,,,,,,
3195260970,52541754,4/22/2014 11:39,4/22/2014 11:45,,Unsafe,,Safe,,,,,,,,,,,,,,,,,,,,,,,,,,,,,,,,,,,,,,,,,,,,,,,,,,,,,,,,,,,,,,,,,,,,,,,,
3195200480,52541754,4/22/2014 11:20,5/2/2014 9:47,,,,,,,,,,,,,,,,,,,,,,,,,,,,,,,,,,,,,,,,,,,,,,,,,,,,,,,,,,,,,,,,,,,,,,,,,,,,
3195159768,52541754,4/22/2014 11:08,5/1/2014 16:20,,,,,,,,,,,,,,,,,,,,,,,,,,,,,,,,,,,,,,,,,,,,,,,,,,,,,,,,,,,,,,,,,,,,,,,,,,,,
3195133525,52541754,4/22/2014 10:59,5/5/2014 17:27,,,I don't know.,,,I don't know.,,,I don't know.,,,I don't know.,Safe,,,Safe,,,Safe,,,,Unsafe,,Safe,,,,Unsafe,,,Unsafe,,,Unsafe,,Safe,,,Safe,,,Safe,,,,,I don't know.,,,,Safe,,,Safe,,,Safe,,,,Unsafe,,,Unsafe,,,Unsafe,,,,I don't know.,,,I don't know.,
